x,y,z,roll,pitch,yaw,reachable,joint_1,joint_2,joint_3,joint_4,joint_5,joint_6
0.1,-0.1,0.02,0.0,0.0,0.0,0,0.0,0.0,0.0,0.0,0.0,0.0
0.1,-0.1,0.02,0.0,0.7854,0.0,0,0.0,0.0,0.0,0.0,0.0,0.0
0.1,-0.1,0.02,0.0,1.5708,0.0,0,0.0,0.0,0.0,0.0,0.0,0.0
0.1,-0.1,0.06,0.0,0.0,0.0,0,0.0,0.0,0.0,0.0,0.0,0.0
0.1,-0.1,0.06,0.0,0.7854,0.0,0,0.0,0.0,0.0,0.0,0.0,0.0
0.1,-0.1,0.06,0.0,1.5708,0.0,0,0.0,0.0,0.0,0.0,0.0,0.0
0.1,-0.1,0.1,0.0,0.0,0.0,0,0.0,0.0,0.0,0.0,0.0,0.0
0.1,-0.1,0.1,0.0,0.7854,0.0,0,0.0,0.0,0.0,0.0,0.0,0.0
0.1,-0.1,0.1,0.0,1.5708,0.0,0,0.0,0.0,0.0,0.0,0.0,0.0
0.1,-0.1,0.14,0.0,0.0,0.0,0,0.0,0.0,0.0,0.0,0.0,0.0
0.1,-0.1,0.14,0.0,0.7854,0.0,0,0.0,0.0,0.0,0.0,0.0,0.0
0.1,-0.1,0.14,0.0,1.5708,0.0,0,0.0,0.0,0.0,0.0,0.0,0.0
0.1,-0.1,0.18,0.0,0.0,0.0,0,0.0,0.0,0.0,0.0,0.0,0.0
0.1,-0.1,0.18,0.0,0.7854,0.0,0,0.0,0.0,0.0,0.0,0.0,0.0
0.1,-0.1,0.18,0.0,1.5708,0.0,0,0.0,0.0,0.0,0.0,0.0,0.0
0.1,-0.05,0.02,0.0,0.0,0.0,0,0.0,0.0,0.0,0.0,0.0,0.0
0.1,-0.05,0.02,0.0,0.7854,0.0,0,0.0,0.0,0.0,0.0,0.0,0.0
0.1,-0.05,0.02,0.0,1.5708,0.0,0,0.0,0.0,0.0,0.0,0.0,0.0
0.1,-0.05,0.06,0.0,0.0,0.0,1,-0.5932379541475276,-1.918073896907511,0.449933253869576,-1.6587809833406946,0.9774715732724417,1.5829620929116544
0.1,-0.05,0.06,0.0,0.7854,0.0,1,-0.5919518208899424,-1.513907567881447,-0.42114099175146896,-1.1962394048250409,0.9729819464784522,2.3647326886818076
0.1,-0.05,0.06,0.0,1.5708,0.0,1,-0.5913939959008457,-1.8853283327752974,0.37471463902617985,-1.6309759050305341,0.9711524870106385,3.14159
0.1,-0.05,0.1,0.0,0.0,0.0,1,-0.5931436791097648,-1.7470442942396631,0.5118279280843128,-1.8917461624237861,0.9775103553068231,1.5829254450687484
0.1,-0.05,0.1,0.0,0.7854,0.0,1,-0.5919427495970636,-1.7377094886587185,0.48931561539198354,-1.8828910710290017,0.9730182486552361,2.3647407170669625
0.1,-0.05,0.1,0.0,1.5708,0.0,1,-0.5914497813466958,-1.302059235899533,-0.45420233060427345,-1.3853227037706488,0.9711355259794714,-3.1415825298486677
0.1,-0.05,0.14,0.0,0.0,0.0,1,-0.593138894594722,-1.2613510305061633,-0.11399304403317138,-1.751565963295982,0.9775325454487569,1.582943747081268
0.1,-0.05,0.14,0.0,0.7854,0.0,0,0.0,0.0,0.0,0.0,0.0,0.0
0.1,-0.05,0.14,0.0,1.5708,0.0,0,0.0,0.0,0.0,0.0,0.0,0.0
0.1,-0.05,0.18,0.0,0.0,0.0,0,0.0,0.0,0.0,0.0,0.0,0.0
0.1,-0.05,0.18,0.0,0.7854,0.0,0,0.0,0.0,0.0,0.0,0.0,0.0
0.1,-0.05,0.18,0.0,1.5708,0.0,0,0.0,0.0,0.0,0.0,0.0,0.0
0.1,0.0,0.02,0.0,0.0,0.0,1,-0.3462749008258059,-1.443391673338425,-1.1470576711787974,-0.5270759477474788,1.2244336845608212,1.593432598085762
0.1,0.0,0.02,0.0,0.7854,0.0,1,-0.34523232394148257,-1.449576807431494,-1.1308927339858663,-0.5442380780004377,1.2197103949130224,2.3720698549172665
0.1,0.0,0.02,0.0,1.5708,0.0,1,2.0379333531611974,1.4608803619022879,1.1044429094811898,0.5762951769047535,-2.6826476110847612,3.1415818624463316
0.1,0.0,0.06,0.0,0.0,0.0,1,2.0342438588808336,2.3479487944584987,-1.321057912830602,2.105535263086834,-2.6781695918690076,1.5749319120999024
0.1,0.0,0.06,0.0,0.7854,0.0,1,-0.34524029998506456,-2.350308267005912,1.3233661906248688,-2.0977672910292773,1.2197228624224585,2.3720666821227723
0.1,0.0,0.06,0.0,1.5708,0.0,1,-0.34484405126813855,-2.3412776147106227,1.3002264167561837,-2.1005497638589223,1.2177669931165496,3.14159
0.1,0.0,0.1,0.0,0.0,0.0,1,-0.3461576386983153,-0.8672119340736035,-1.3677254649102708,-0.8824930180410067,1.2245492266257807,1.5935251365582335
0.1,0.0,0.1,0.0,0.7854,0.0,1,-0.345224171557012,-2.1168844564296827,1.3542238901981887,-2.3620364789132737,1.219691059811661,2.372075631470285
0.1,0.0,0.1,0.0,1.5708,0.0,1,2.0380550919252305,2.11085558391842,-1.33291181315315,2.3636469030105043,-2.6825827778108047,-3.14159
0.1,0.0,0.14,0.0,0.0,0.0,1,-0.3460741327129864,-1.825691170381604,1.2416740527737435,-2.5333748558093983,1.2245839612386538,1.5935604269923167
0.1,0.0,0.14,0.0,0.7854,0.0,1,-0.34525498848896896,-1.8224158309587408,1.2284645303897408,-2.5307373188925797,1.2196870106689865,2.372088588316232
0.1,0.0,0.14,0.0,1.5708,0.0,1,-0.34486635692320655,-1.8183633888623487,1.2081235761118263,-2.531292699049985,1.2177084373570204,-3.14154662512844
0.1,0.0,0.18,0.0,0.0,0.0,1,-0.346231192516155,-0.6158819022556355,-0.9326740472526157,-1.568805954685105,1.2244537096308603,1.5935746562188136
0.1,0.0,0.18,0.0,0.7854,0.0,1,2.0369099506096777,2.4403437559654817,-1.1880720633155792,-1.2587034789283507,-0.4602840100149244,-0.7825168558468857
0.1,0.0,0.18,0.0,1.5708,0.0,1,2.0378042799850316,1.4705393802807285,-0.8956752108265726,2.566731353012702,-2.682795719841072,-3.14159
0.1,0.05,0.02,0.0,0.0,0.0,1,2.214602397632685,1.3365028314789202,1.569858935047528,0.22496892212605454,-2.49781725017895,1.576952385829997
0.1,0.05,0.02,0.0,0.7854,0.0,1,-0.007472153354030314,-1.372717172881778,-1.8376181484010454,0.48096061001707696,1.556293572944391,2.7683891614167355
0.1,0.05,0.02,0.0,1.5708,0.0,1,2.2187629995827325,1.3453562877736098,1.5479496012189666,0.2482713256618541,-2.501836689584658,3.14158885193237
0.1,0.05,0.06,0.0,0.0,0.0,1,2.21447122264388,0.9892244784248516,1.751193338664608,0.39091825573232253,-2.4979503174768043,1.576946173000766
0.1,0.05,0.06,0.0,0.7854,0.0,1,-0.007476996698118119,-0.9806190942746563,-2.0576402958804834,0.30892868924680933,1.5562982663071592,2.768434485481056
0.1,0.05,0.06,0.0,1.5708,0.0,1,-0.007532415491503851,-1.0000086060712499,-1.7314307060593108,-0.41019856665504645,1.5550519127491573,3.14159
0.1,0.05,0.1,0.0,0.0,0.0,1,2.2145334098503753,0.672145479405601,1.7807219206973084,0.678472624900316,-2.49789854979001,1.576940455857978
0.1,0.05,0.1,0.0,0.7854,0.0,1,2.217449414724207,0.6775622117496092,1.772395583950836,0.6844374028951103,-2.5007917818918113,2.3605225392666505
0.1,0.05,0.1,0.0,1.5708,0.0,1,-0.007403525232839434,-0.6850472663557918,-1.763840533625646,-0.6927118329132044,1.5551068944696183,3.14159
0.1,0.05,0.14,0.0,0.0,0.0,1,2.214476945776833,0.43491931076065593,1.6577134981803157,1.0387002724471461,-2.4979446337237046,1.57695103325997
0.1,0.05,0.14,0.0,0.7854,0.0,1,2.21729429211693,0.44113976617061784,1.6502643967221904,1.0429501381885067,-2.500915514975498,2.3605353606486594
0.1,0.05,0.14,0.0,1.5708,0.0,1,2.218585860575447,0.44914749723150843,1.6432119659314488,1.0492333715622493,-2.502003117797879,-3.14159
0.1,0.05,0.18,0.0,0.0,0.0,1,2.2144320238534365,0.31843733703829646,1.383777497285744,1.4291325177953944,-2.497989356579535,1.5769278620633838
0.1,0.05,0.18,0.0,0.7854,0.0,1,-0.007473551003743047,-0.07863866127783747,-1.7460565646858386,-0.9042507787262546,1.55630252023261,2.768822719099341
0.1,0.05,0.18,0.0,1.5708,0.0,1,-0.007440929142426689,-0.3322955623603706,-1.3716155070943428,-1.43768437408905,1.5551669690747278,3.14159
0.1,0.1,0.02,0.0,0.0,0.0,1,2.506042493690243,1.3136679936058346,1.7644090564342478,0.0496902359060393,-2.206399254064798,1.58192879481315
0.1,0.1,0.02,0.0,0.7854,0.0,1,2.5085144808877344,1.3159597109330068,1.7538719200800725,0.06204096704033524,-2.209710204852255,2.364017662238547
0.1,0.1,0.02,0.0,1.5708,0.0,1,2.509501740471663,1.3208133430975768,1.7407019464859228,0.08008467365827647,-2.211103052272053,3.14159
0.1,0.1,0.06,0.0,0.0,0.0,1,2.5061631128494084,0.9384177477631294,1.952022685678495,0.23732716040591703,-2.2062620713589323,1.5819234997283627
0.1,0.1,0.06,0.0,0.7854,0.0,1,2.50855924817345,0.9422115660352873,1.9419932916467284,0.24765580581927724,-2.209643903457524,2.3640264878816573
0.1,0.1,0.06,0.0,1.5708,0.0,1,2.509419432292424,0.948681533577151,1.9305436494679749,0.2623620344250416,-2.211180559691242,3.14159
0.1,0.1,0.1,0.0,0.0,0.0,1,2.506047763459546,0.5768331404833773,1.9841974539257579,0.5667375180046493,-2.2063941943378724,1.5819202177890723
0.1,0.1,0.1,0.0,0.7854,0.0,1,2.508445327497684,0.5828661264377742,1.9748080465181859,0.5741862354611207,-2.209774604675829,2.3640241606461188
0.1,0.1,0.1,0.0,1.5708,0.0,1,2.509432874277745,0.5916673234274111,1.9644952607153117,0.5854248539782311,-2.2111671259354195,3.14159
0.1,0.1,0.14,0.0,0.0,0.0,1,0.3967478528678977,-0.32278281259938435,-1.8259124402252107,-1.0141493402825232,1.9676172310105862,1.551194910120118
0.1,0.1,0.14,0.0,0.7854,0.0,1,0.3951876008945656,-0.3244559781811643,-1.8257995313816282,-1.0066418743644823,1.9602166954095435,2.342053730160756
0.1,0.1,0.14,0.0,1.5708,0.0,1,2.5094332455899235,0.31973096186872785,1.8382410679652759,0.9836154022786001,-2.211166754330099,-3.14158601782025
0.1,0.1,0.18,0.0,0.0,0.0,1,0.3967475353459967,-0.18956432578951832,-1.5504439471638685,-1.4228338008510666,1.9676153461955805,1.5511976915507653
0.1,0.1,0.18,0.0,0.7854,0.0,1,2.5098860375226884,0.17722572707729933,1.567278202024212,1.3873353356337366,-2.208291262743021,2.3640455521598285
0.1,0.1,0.18,0.0,1.5708,0.0,1,0.39352459072217266,-0.1864587930323689,-1.5609498652543141,-1.3941985393935297,1.956129009234809,3.1415801626562008
0.12,-0.1,0.02,0.0,0.0,0.0,0,0.0,0.0,0.0,0.0,0.0,0.0
0.12,-0.1,0.02,0.0,0.7854,0.0,0,0.0,0.0,0.0,0.0,0.0,0.0
0.12,-0.1,0.02,0.0,1.5708,0.0,0,0.0,0.0,0.0,0.0,0.0,0.0
0.12,-0.1,0.06,0.0,0.0,0.0,0,0.0,0.0,0.0,0.0,0.0,0.0
0.12,-0.1,0.06,0.0,0.7854,0.0,0,0.0,0.0,0.0,0.0,0.0,0.0
0.12,-0.1,0.06,0.0,1.5708,0.0,0,0.0,0.0,0.0,0.0,0.0,0.0
0.12,-0.1,0.1,0.0,0.0,0.0,0,0.0,0.0,0.0,0.0,0.0,0.0
0.12,-0.1,0.1,0.0,0.7854,0.0,0,0.0,0.0,0.0,0.0,0.0,0.0
0.12,-0.1,0.1,0.0,1.5708,0.0,0,0.0,0.0,0.0,0.0,0.0,0.0
0.12,-0.1,0.14,0.0,0.0,0.0,0,0.0,0.0,0.0,0.0,0.0,0.0
0.12,-0.1,0.14,0.0,0.7854,0.0,0,0.0,0.0,0.0,0.0,0.0,0.0
0.12,-0.1,0.14,0.0,1.5708,0.0,0,0.0,0.0,0.0,0.0,0.0,0.0
0.12,-0.1,0.18,0.0,0.0,0.0,0,0.0,0.0,0.0,0.0,0.0,0.0
0.12,-0.1,0.18,0.0,0.7854,0.0,0,0.0,0.0,0.0,0.0,0.0,0.0
0.12,-0.1,0.18,0.0,1.5708,0.0,0,0.0,0.0,0.0,0.0,0.0,0.0
0.12,-0.05,0.02,0.0,0.0,0.0,0,0.0,0.0,0.0,0.0,0.0,0.0
0.12,-0.05,0.02,0.0,0.7854,0.0,0,0.0,0.0,0.0,0.0,0.0,0.0
0.12,-0.05,0.02,0.0,1.5708,0.0,0,0.0,0.0,0.0,0.0,0.0,0.0
0.12,-0.05,0.06,0.0,0.0,0.0,0,0.0,0.0,0.0,0.0,0.0,0.0
0.12,-0.05,0.06,0.0,0.7854,0.0,0,0.0,0.0,0.0,0.0,0.0,0.0
0.12,-0.05,0.06,0.0,1.5708,0.0,0,0.0,0.0,0.0,0.0,0.0,0.0
0.12,-0.05,0.1,0.0,0.0,0.0,0,0.0,0.0,0.0,0.0,0.0,0.0
0.12,-0.05,0.1,0.0,0.7854,0.0,0,0.0,0.0,0.0,0.0,0.0,0.0
0.12,-0.05,0.1,0.0,1.5708,0.0,0,0.0,0.0,0.0,0.0,0.0,0.0
0.12,-0.05,0.14,0.0,0.0,0.0,0,0.0,0.0,0.0,0.0,0.0,0.0
0.12,-0.05,0.14,0.0,0.7854,0.0,0,0.0,0.0,0.0,0.0,0.0,0.0
0.12,-0.05,0.14,0.0,1.5708,0.0,0,0.0,0.0,0.0,0.0,0.0,0.0
0.12,-0.05,0.18,0.0,0.0,0.0,0,0.0,0.0,0.0,0.0,0.0,0.0
0.12,-0.05,0.18,0.0,0.7854,0.0,0,0.0,0.0,0.0,0.0,0.0,0.0
0.12,-0.05,0.18,0.0,1.5708,0.0,0,0.0,0.0,0.0,0.0,0.0,0.0
0.12,0.0,0.02,0.0,0.0,0.0,1,-0.308378846356775,-2.326121805846074,0.837975852518309,-1.626360322636315,1.2624113195373496,1.5966231000631304
0.12,0.0,0.02,0.0,0.7854,0.0,1,-0.30755391477783106,-2.3136727455932125,0.8131988793125222,-1.622278809670086,1.257516426851847,2.3740931328880457
0.12,0.0,0.02,0.0,1.5708,0.0,1,2.140247710332988,2.2941713519525053,-0.7723110929241875,1.6196947699372148,-2.5802101577901384,-3.1415703142836655
0.12,0.0,0.06,0.0,0.0,0.0,1,-0.3082947493033553,-2.216113928184223,1.0595683936674833,-1.9580928675811116,1.2623811172894757,1.5964861212948815
0.12,0.0,0.06,0.0,0.7854,0.0,1,2.138978581731915,2.1992599439251754,-1.0239463848012584,1.959418726018547,-2.5792292958064404,2.3598674851722787
0.12,0.0,0.06,0.0,1.5708,0.0,1,2.139953475492543,2.1944435105028472,-1.0090957674904246,1.9562425474639362,-2.5806597667495,-3.14159
0.12,0.0,0.1,0.0,0.0,0.0,1,-0.3082806975812979,-2.005626155738024,1.0934292503919225,-2.2022587217324,1.262409327700389,1.596654392393726
0.12,0.0,0.1,0.0,0.7854,0.0,1,2.1391421310693906,1.9913099988874563,-1.0581517933219402,2.2015455265657145,-2.579058368994781,2.359883847728113
0.12,0.0,0.1,0.0,1.5708,0.0,1,2.1398786500509397,1.9887572250438905,-1.0463169589734844,2.19915411584915,-2.5807213499945054,3.14159
0.12,0.0,0.14,0.0,0.0,0.0,1,-0.30834094174572824,-1.7217267832062866,0.9506461499983883,-2.34341075132521,1.2623468309215278,1.596621253507367
0.12,0.0,0.14,0.0,0.7854,0.0,1,2.1391723870408366,1.868913855738484,0.4019546064467627,-2.2777449643465175,-0.562567994621659,-0.7817128989883457
0.12,0.0,0.14,0.0,1.5708,0.0,1,-0.30722820958902664,-1.869862104996728,-0.4059608188993534,2.275891670157714,1.8862246325809406,7.224991329625661e-05
0.12,0.0,0.18,0.0,0.0,0.0,1,2.137018039234576,1.456668712027627,0.8815871374633307,-2.347966186566267,-0.5662154490994925,-1.5655898481388968
0.12,0.0,0.18,0.0,0.7854,0.0,1,2.139203563873899,1.3191267322641882,-0.48626855761090976,2.3018785497687686,-2.578989343771119,2.359867198615095
0.12,0.0,0.18,0.0,1.5708,0.0,1,2.139865804217426,1.4602423724588538,0.8818831197467853,-2.3421128361182206,-0.5608658050109505,-1.0762447396045968e-05
0.12,0.05,0.02,0.0,0.0,0.0,1,2.323683464881439,1.3967072377915344,1.3049104920618328,0.4287503750479563,-2.3887206401581524,1.578472576960259
0.12,0.05,0.02,0.0,0.7854,0.0,1,-0.006480468581423922,-1.3848158273015405,-1.6405089469583702,0.3252100453661399,1.5572327720771202,2.7976596060988483
0.12,0.05,0.02,0.0,1.5708,0.0,1,-0.006500942703145704,-1.40813752354408,-1.2790699283574285,-0.4541695676277181,1.556086387351627,-3.141372145573028
0.12,0.05,0.06,0.0,0.0,0.0,1,2.3236159432238046,1.0741378640767496,1.4881350642627151,0.5680782345411955,-2.38879763292542,1.5784768832858622
0.12,0.05,0.06,0.0,0.7854,0.0,1,2.3259495377672437,2.4296820391894625,-1.4774252879375864,2.1814129578770296,-2.392228501826821,2.3616037871956315
0.12,0.05,0.06,0.0,1.5708,0.0,1,-0.006513837480398153,-2.4261056273889463,1.4646783312203837,-2.1801695478087546,1.556118279616778,3.14159
0.12,0.05,0.1,0.0,0.0,0.0,1,2.3238968406627816,2.10743482591807,0.40543871035794943,-2.524091173133595,-0.7531612433142457,-1.563115326923823
0.12,0.05,0.1,0.0,0.7854,0.0,1,2.3264149691415663,2.1783049155438596,-1.5058097354274804,2.4611782436343796,-2.391751795727443,2.3616018847305207
0.12,0.05,0.1,0.0,1.5708,0.0,1,-0.00655401805374415,-2.1206940346544436,-0.38168305227463206,2.5041557929238256,1.5854864242748903,0.001786998109899564
0.12,0.05,0.14,0.0,0.0,0.0,1,2.324405132368516,0.5973434838200933,1.3919658899696659,1.1410346751251157,-2.38796388442149,1.5784910578199476
0.12,0.05,0.14,0.0,0.7854,0.0,1,-0.006675544815547276,-2.0255832277339656,1.8058412340787149,-2.4845894954244785,1.5570830512532796,2.7934379722185376
0.12,0.05,0.14,0.0,1.5708,0.0,1,-0.0066851283704312805,-0.6140539391445237,-1.370704758846776,-1.1571822864057721,1.5559130476776237,3.1412523825875724
0.12,0.05,0.18,0.0,0.0,0.0,1,2.3260470132576243,0.513729281250668,1.0975203584440252,1.5190371556686593,-2.3863637158828994,1.5785454838855348
0.12,0.05,0.18,0.0,0.7854,0.0,1,-0.006812039281758657,-1.661234575836424,1.546968996250511,-2.5968780262292284,1.5568927949133744,2.7866364517043842
0.12,0.05,0.18,0.0,1.5708,0.0,1,2.3267361982668433,0.5231487067178655,1.0895003572755184,1.528948211277072,-2.393863801805473,-3.14159
0.12,0.1,0.02,0.0,0.0,0.0,1,2.5952790524918954,1.3492779494231684,1.5023474822145626,0.27417155709820135,-2.1171439071462275,1.5842884333245146
0.12,0.1,0.02,0.0,0.7854,0.0,1,0.33808691356703274,-1.3589304931904065,-1.4632715547516135,-0.33719454927441206,1.9031237611524578,2.3393794245472037
0.12,0.1,0.02,0.0,1.5708,0.0,1,0.3375838456765891,-1.3599618464277445,-1.4739956384924424,-0.30764937952156424,1.9001691788678738,-3.1415636084262055
0.12,0.1,0.06,0.0,0.0,0.0,1,2.595398006778756,1.0097542880867467,1.682647767556804,0.43339949171540315,-2.117077035917378,1.5842861185314558
0.12,0.1,0.06,0.0,0.7854,0.0,1,2.596942829279721,1.0145106590381854,1.6717137108710065,0.4442790359338675,-2.1212994761811683,2.36565829679096
0.12,0.1,0.06,0.0,1.5708,0.0,1,2.5976470917101557,1.0223059568946082,1.6574877653328295,0.46180127610931315,-2.1229529083027523,3.14159
0.12,0.1,0.1,0.0,0.0,0.0,1,2.595166950485941,0.7041608568816304,1.7127818233563592,0.7088659801549376,-2.117284635074351,1.584278430408432
0.12,0.1,0.1,0.0,0.7854,0.0,1,2.5970492442908846,0.7107716782807341,1.701663209411659,0.7180656098627506,-2.1211451014578104,2.3656650596036197
0.12,0.1,0.1,0.0,1.5708,0.0,1,0.3375988325130476,-2.252259380480487,1.6888856170175044,-2.5782394233955706,1.9002144634359894,3.1415750993944567
0.12,0.1,0.14,0.0,0.0,0.0,1,2.5953883602904173,0.4778735207632358,1.5899043970840816,1.0580226367554157,-2.1170104768208886,1.5842868072406915
0.12,0.1,0.14,0.0,0.7854,0.0,1,2.597187030196278,0.485600563294192,1.5796878410634558,1.065208240032844,-2.1209591230939706,2.365677027222883
0.12,0.1,0.14,0.0,1.5708,0.0,1,2.5976510448562076,0.4951432170312409,1.5696733351568142,1.0767666720410467,-2.122948955122114,-3.1415891923404793
0.12,0.1,0.18,0.0,0.0,0.0,1,0.33928190581282075,-0.3957599486283032,-1.2753697773229118,-1.4951387649878456,1.9101496929184345,1.5475266883920735
0.12,0.1,0.18,0.0,0.7854,0.0,1,2.597213601788893,0.37658554761237906,1.3047231089117872,1.449196156847575,-2.1210018233916657,2.3656662770501016
0.12,0.1,0.18,0.0,1.5708,0.0,1,0.33761954187359156,-0.3860848663920132,-1.2959068973117842,-1.4596048991007058,1.900204848996624,3.1415818984901582
0.14,-0.1,0.02,0.0,0.0,0.0,0,0.0,0.0,0.0,0.0,0.0,0.0
0.14,-0.1,0.02,0.0,0.7854,0.0,0,0.0,0.0,0.0,0.0,0.0,0.0
0.14,-0.1,0.02,0.0,1.5708,0.0,0,0.0,0.0,0.0,0.0,0.0,0.0
0.14,-0.1,0.06,0.0,0.0,0.0,0,0.0,0.0,0.0,0.0,0.0,0.0
0.14,-0.1,0.06,0.0,0.7854,0.0,0,0.0,0.0,0.0,0.0,0.0,0.0
0.14,-0.1,0.06,0.0,1.5708,0.0,0,0.0,0.0,0.0,0.0,0.0,0.0
0.14,-0.1,0.1,0.0,0.0,0.0,0,0.0,0.0,0.0,0.0,0.0,0.0
0.14,-0.1,0.1,0.0,0.7854,0.0,0,0.0,0.0,0.0,0.0,0.0,0.0
0.14,-0.1,0.1,0.0,1.5708,0.0,0,0.0,0.0,0.0,0.0,0.0,0.0
0.14,-0.1,0.14,0.0,0.0,0.0,0,0.0,0.0,0.0,0.0,0.0,0.0
0.14,-0.1,0.14,0.0,0.7854,0.0,0,0.0,0.0,0.0,0.0,0.0,0.0
0.14,-0.1,0.14,0.0,1.5708,0.0,0,0.0,0.0,0.0,0.0,0.0,0.0
0.14,-0.1,0.18,0.0,0.0,0.0,0,0.0,0.0,0.0,0.0,0.0,0.0
0.14,-0.1,0.18,0.0,0.7854,0.0,0,0.0,0.0,0.0,0.0,0.0,0.0
0.14,-0.1,0.18,0.0,1.5708,0.0,0,0.0,0.0,0.0,0.0,0.0,0.0
0.14,-0.05,0.02,0.0,0.0,0.0,0,0.0,0.0,0.0,0.0,0.0,0.0
0.14,-0.05,0.02,0.0,0.7854,0.0,0,0.0,0.0,0.0,0.0,0.0,0.0
0.14,-0.05,0.02,0.0,1.5708,0.0,0,0.0,0.0,0.0,0.0,0.0,0.0
0.14,-0.05,0.06,0.0,0.0,0.0,0,0.0,0.0,0.0,0.0,0.0,0.0
0.14,-0.05,0.06,0.0,0.7854,0.0,0,0.0,0.0,0.0,0.0,0.0,0.0
0.14,-0.05,0.06,0.0,1.5708,0.0,0,0.0,0.0,0.0,0.0,0.0,0.0
0.14,-0.05,0.1,0.0,0.0,0.0,0,0.0,0.0,0.0,0.0,0.0,0.0
0.14,-0.05,0.1,0.0,0.7854,0.0,0,0.0,0.0,0.0,0.0,0.0,0.0
0.14,-0.05,0.1,0.0,1.5708,0.0,0,0.0,0.0,0.0,0.0,0.0,0.0
0.14,-0.05,0.14,0.0,0.0,0.0,0,0.0,0.0,0.0,0.0,0.0,0.0
0.14,-0.05,0.14,0.0,0.7854,0.0,0,0.0,0.0,0.0,0.0,0.0,0.0
0.14,-0.05,0.14,0.0,1.5708,0.0,0,0.0,0.0,0.0,0.0,0.0,0.0
0.14,-0.05,0.18,0.0,0.0,0.0,0,0.0,0.0,0.0,0.0,0.0,0.0
0.14,-0.05,0.18,0.0,0.7854,0.0,0,0.0,0.0,0.0,0.0,0.0,0.0
0.14,-0.05,0.18,0.0,1.5708,0.0,0,0.0,0.0,0.0,0.0,0.0,0.0
0.14,0.0,0.02,0.0,0.0,0.0,1,-0.2766104806896372,-1.7937122887613959,-0.24562681212479376,-1.0722021141464424,1.2938859053565561,1.59970476526839
0.14,0.0,0.02,0.0,0.7854,0.0,1,-0.27594269971292473,-1.8460772545676385,-0.13091619486362613,-1.14384234988507,1.2887917512813551,2.376149977253481
0.14,0.0,0.02,0.0,1.5708,0.0,0,0.0,0.0,0.0,0.0,0.0,0.0
0.14,0.0,0.06,0.0,0.0,0.0,1,-0.2774141640321953,-1.4025465600365383,-0.6708879990344184,-1.0381948940656338,1.2932570131627765,1.5996114493289582
0.14,0.0,0.06,0.0,0.7854,0.0,1,-0.27674420780588443,-2.009619859392904,0.6377468307140293,-1.748871165985657,1.288172594957297,2.3762400130743995
0.14,0.0,0.06,0.0,1.5708,0.0,1,-0.2764903262760339,-1.9845496314497615,0.5811789737064496,-1.738193984334587,1.2860784863774124,-3.141521582736038
0.14,0.0,0.1,0.0,0.0,0.0,1,-0.2773824912004332,-1.1755495082436576,-0.7160072652802962,-1.2200665929439103,1.2933173176126824,1.5996179487226907
0.14,0.0,0.1,0.0,0.7854,0.0,1,2.2266687011924065,1.8135970848143987,-0.6568392211576509,1.977549055940717,-2.491512303685748,2.3606169679591313
0.14,0.0,0.1,0.0,1.5708,0.0,1,2.2273999419933865,1.8068200876900844,-0.6365864289385708,1.9713730973406856,-2.4931888645036686,-3.14159
0.14,0.0,0.14,0.0,0.0,0.0,1,-0.27738074736047674,-1.0727494811373637,-0.5032489294700394,-1.5356106268158354,1.2933398467334773,1.5996357750444177
0.14,0.0,0.14,0.0,0.7854,0.0,1,2.2266644462616827,1.5050546111672298,-0.42008030624402437,2.049338570802059,-2.4914803390521034,2.360616394334612
0.14,0.0,0.14,0.0,1.5708,0.0,1,2.2273044029488824,1.495997520625116,-0.39381792196769316,2.0394645970975103,-2.4932955970101,3.141571172969058
0.14,0.0,0.18,0.0,0.0,0.0,1,2.2247183888372435,2.0032579786612486,-0.3509768805416267,-1.6626308918884738,-0.6538960615503421,-1.5644898625788028
0.14,0.0,0.18,0.0,0.7854,0.0,1,-0.2767503653037564,-1.9683179676943412,0.2772004136825984,1.7119231841103617,1.8533998788134283,-0.7653994163644086
0.14,0.0,0.18,0.0,1.5708,0.0,1,-0.2764629642211206,-1.6807999023290454,-0.35001966053727335,2.0308232302523437,1.8554680870930182,9.53281103947246e-06
0.14,0.05,0.02,0.0,0.0,0.0,1,2.4108351781746418,1.5008210212017554,0.9742331311019455,0.6542465078126211,-2.301615347056996,1.5799558369797693
0.14,0.05,0.02,0.0,0.7854,0.0,1,-0.0057583571890958115,-1.4265783626756143,-1.4123074853377477,0.16479723911115074,1.5578538110268327,2.8236522126577173
0.14,0.05,0.02,0.0,1.5708,0.0,1,2.413535875392549,2.384749528815459,-0.9380320463718672,1.6948878905013678,-2.307118914590807,-3.14159
0.14,0.05,0.06,0.0,0.0,0.0,1,2.4108169164496993,2.2760373972430465,-1.1793744006778955,2.0326371828682475,-2.301616931486918,1.5799465125211465
0.14,0.05,0.06,0.0,0.7854,0.0,1,2.4127268657542933,2.270267243693353,-1.165713996831403,2.028379006530351,-2.3055139734016143,2.362641139449078
0.14,0.05,0.06,0.0,1.5708,0.0,1,2.4134430491347447,1.2054807825861913,1.1498406476558718,0.7863097785625515,-2.3071662234340695,3.141536660774539
0.14,0.05,0.1,0.0,0.0,0.0,1,2.4109759230259455,2.055366830444028,-1.2100422853807677,2.283973345949458,-2.301431143401778,1.57994815760278
0.14,0.05,0.1,0.0,0.7854,0.0,1,-0.005592088381805053,-2.3056138904526957,1.6855422172914354,-2.050703255387113,1.5579878060464476,2.827034431750866
0.14,0.05,0.1,0.0,1.5708,0.0,1,2.4133697461386854,2.0484418468857983,-1.1848124629930492,2.277963239779629,-2.3072302534023237,-3.14159
0.14,0.05,0.14,0.0,0.0,0.0,1,2.4109308217832637,1.7685460158534236,0.6565140688338569,-2.437343057216491,-0.8401238799295275,-1.5616515853970592
0.14,0.05,0.14,0.0,0.7854,0.0,1,2.4126151528845305,0.7826045717916068,1.0646478420642722,1.2856877321601508,-2.3056007003680166,2.3626260427779027
0.14,0.05,0.14,0.0,1.5708,0.0,1,2.413418676185475,1.7734242720277409,0.6537067275482608,-2.4271180845490545,-0.8344371498139437,-2.16319107035063e-05
0.14,0.05,0.18,0.0,0.0,0.0,1,2.410982046399072,1.4091249729948843,-0.7265963804654145,2.4467296033523223,-2.301429238764296,1.5799820231962587
0.14,0.05,0.18,0.0,0.7854,0.0,1,2.4126941384813825,1.4027626765275611,1.0278109287712076,-2.439222689336907,-0.83609211602721,-0.7789714251438883
0.14,0.05,0.18,0.0,1.5708,0.0,1,2.413534593813785,1.4035694864001933,1.0330479650496325,-2.4366068426894922,-0.834543038386286,-8.698722763159398e-06
0.14,0.1,0.02,0.0,0.0,0.0,1,0.29663050401386026,-1.4451425737758101,-1.1414710477721564,-0.5830608152463408,1.8675380719111359,1.543938386002832
0.14,0.1,0.02,0.0,0.7854,0.0,1,2.6632436751259503,1.4337915794384974,1.181392279155869,0.5139628426083453,-2.0549855145130014,2.3672329114588044
0.14,0.1,0.02,0.0,1.5708,0.0,1,2.664047099404418,1.4438028976238502,1.1582451234614592,0.5395419353670406,-2.05652905048524,3.14159
0.14,0.1,0.06,0.0,0.0,0.0,1,0.29636467099284797,-1.1317438212470043,-1.3304529050375566,-0.7074975935561787,1.8673193331904026,1.5438801021110362
0.14,0.1,0.06,0.0,0.7854,0.0,1,2.663789845939718,1.1190783479086417,1.3672176807633702,0.6428143038300684,-2.0543408573171704,2.3672639150408266
0.14,0.1,0.06,0.0,1.5708,0.0,1,2.6643431176188965,1.128770993735749,1.3488739545452533,0.663942866766475,-2.0561582705991666,3.14159
0.14,0.1,0.1,0.0,0.0,0.0,1,0.29620537975826833,-2.118030680983555,1.3595480301017502,-2.4111047449719516,1.86718555364692,1.5440206055477783
0.14,0.1,0.1,0.0,0.7854,0.0,1,0.295355290788578,-0.8716046209001973,-1.3609623537312843,-0.9292349243267174,1.8604810009570782,2.3368445447055235
0.14,0.1,0.1,0.0,1.5708,0.0,1,2.6645204113463645,2.130467933571798,-1.3803135361480456,2.3914452232218624,-2.0559738320012553,3.1415850488956436
0.14,0.1,0.14,0.0,0.0,0.0,1,2.662644321272547,1.6801483486487505,0.9151691337320284,-2.6130646811625553,-1.091826036204848,-1.5550328400552909
0.14,0.1,0.14,0.0,0.7854,0.0,1,0.29526096283954767,-1.8242149172779474,1.2337570810403402,-2.5714414873950244,1.8603227122168031,2.33675095527432
0.14,0.1,0.14,0.0,1.5708,0.0,1,2.6646545022875663,1.834458937914908,-1.2562082047827927,2.563343512531771,-2.0558928491752027,3.14159
0.14,0.1,0.18,0.0,0.0,0.0,1,2.662797127568908,1.3300752170510384,1.233335492019536,-2.581186701871306,-1.0919813751412517,-1.5550184461416836
0.14,0.1,0.18,0.0,0.7854,0.0,1,0.2951355901891533,-1.4765085388988235,0.9231266434728327,-2.6085368561808795,1.860225269402065,2.336733505297176
0.14,0.1,0.18,0.0,1.5708,0.0,1,2.664896714900049,1.488230150122446,-0.951661746684676,2.6050170765193403,-2.055757646391628,-3.1415899013792106
0.16,-0.1,0.02,0.0,0.0,0.0,0,0.0,0.0,0.0,0.0,0.0,0.0
0.16,-0.1,0.02,0.0,0.7854,0.0,0,0.0,0.0,0.0,0.0,0.0,0.0
0.16,-0.1,0.02,0.0,1.5708,0.0,0,0.0,0.0,0.0,0.0,0.0,0.0
0.16,-0.1,0.06,0.0,0.0,0.0,0,0.0,0.0,0.0,0.0,0.0,0.0
0.16,-0.1,0.06,0.0,0.7854,0.0,0,0.0,0.0,0.0,0.0,0.0,0.0
0.16,-0.1,0.06,0.0,1.5708,0.0,0,0.0,0.0,0.0,0.0,0.0,0.0
0.16,-0.1,0.1,0.0,0.0,0.0,0,0.0,0.0,0.0,0.0,0.0,0.0
0.16,-0.1,0.1,0.0,0.7854,0.0,0,0.0,0.0,0.0,0.0,0.0,0.0
0.16,-0.1,0.1,0.0,1.5708,0.0,0,0.0,0.0,0.0,0.0,0.0,0.0
0.16,-0.1,0.14,0.0,0.0,0.0,0,0.0,0.0,0.0,0.0,0.0,0.0
0.16,-0.1,0.14,0.0,0.7854,0.0,0,0.0,0.0,0.0,0.0,0.0,0.0
0.16,-0.1,0.14,0.0,1.5708,0.0,0,0.0,0.0,0.0,0.0,0.0,0.0
0.16,-0.1,0.18,0.0,0.0,0.0,0,0.0,0.0,0.0,0.0,0.0,0.0
0.16,-0.1,0.18,0.0,0.7854,0.0,0,0.0,0.0,0.0,0.0,0.0,0.0
0.16,-0.1,0.18,0.0,1.5708,0.0,0,0.0,0.0,0.0,0.0,0.0,0.0
0.16,-0.05,0.02,0.0,0.0,0.0,0,0.0,0.0,0.0,0.0,0.0,0.0
0.16,-0.05,0.02,0.0,0.7854,0.0,0,0.0,0.0,0.0,0.0,0.0,0.0
0.16,-0.05,0.02,0.0,1.5708,0.0,0,0.0,0.0,0.0,0.0,0.0,0.0
0.16,-0.05,0.06,0.0,0.0,0.0,0,0.0,0.0,0.0,0.0,0.0,0.0
0.16,-0.05,0.06,0.0,0.7854,0.0,0,0.0,0.0,0.0,0.0,0.0,0.0
0.16,-0.05,0.06,0.0,1.5708,0.0,0,0.0,0.0,0.0,0.0,0.0,0.0
0.16,-0.05,0.1,0.0,0.0,0.0,0,0.0,0.0,0.0,0.0,0.0,0.0
0.16,-0.05,0.1,0.0,0.7854,0.0,0,0.0,0.0,0.0,0.0,0.0,0.0
0.16,-0.05,0.1,0.0,1.5708,0.0,0,0.0,0.0,0.0,0.0,0.0,0.0
0.16,-0.05,0.14,0.0,0.0,0.0,0,0.0,0.0,0.0,0.0,0.0,0.0
0.16,-0.05,0.14,0.0,0.7854,0.0,0,0.0,0.0,0.0,0.0,0.0,0.0
0.16,-0.05,0.14,0.0,1.5708,0.0,0,0.0,0.0,0.0,0.0,0.0,0.0
0.16,-0.05,0.18,0.0,0.0,0.0,0,0.0,0.0,0.0,0.0,0.0,0.0
0.16,-0.05,0.18,0.0,0.7854,0.0,0,0.0,0.0,0.0,0.0,0.0,0.0
0.16,-0.05,0.18,0.0,1.5708,0.0,0,0.0,0.0,0.0,0.0,0.0,0.0
0.16,0.0,0.02,0.0,0.0,0.0,0,0.0,0.0,0.0,0.0,0.0,0.0
0.16,0.0,0.02,0.0,0.7854,0.0,0,0.0,0.0,0.0,0.0,0.0,0.0
0.16,0.0,0.02,0.0,1.5708,0.0,0,0.0,0.0,0.0,0.0,0.0,0.0
0.16,0.0,0.06,0.0,0.0,0.0,0,0.0,0.0,0.0,0.0,0.0,0.0
0.16,0.0,0.06,0.0,0.7854,0.0,0,0.0,0.0,0.0,0.0,0.0,0.0
0.16,0.0,0.06,0.0,1.5708,0.0,0,0.0,0.0,0.0,0.0,0.0,0.0
0.16,0.0,0.1,0.0,0.0,0.0,0,0.0,0.0,0.0,0.0,0.0,0.0
0.16,0.0,0.1,0.0,0.7854,0.0,0,0.0,0.0,0.0,0.0,0.0,0.0
0.16,0.0,0.1,0.0,1.5708,0.0,0,0.0,0.0,0.0,0.0,0.0,0.0
0.16,0.0,0.14,0.0,0.0,0.0,0,0.0,0.0,0.0,0.0,0.0,0.0
0.16,0.0,0.14,0.0,0.7854,0.0,0,0.0,0.0,0.0,0.0,0.0,0.0
0.16,0.0,0.14,0.0,1.5708,0.0,0,0.0,0.0,0.0,0.0,0.0,0.0
0.16,0.0,0.18,0.0,0.0,0.0,0,0.0,0.0,0.0,0.0,0.0,0.0
0.16,0.0,0.18,0.0,0.7854,0.0,0,0.0,0.0,0.0,0.0,0.0,0.0
0.16,0.0,0.18,0.0,1.5708,0.0,0,0.0,0.0,0.0,0.0,0.0,0.0
0.16,0.05,0.02,0.0,0.0,0.0,1,2.482036732597125,1.7037275053801102,0.45323767631094686,0.9712662164424712,-2.230406532823425,1.5813661422809915
0.16,0.05,0.02,0.0,0.7854,0.0,1,2.483351823119672,1.7185805734805097,0.42050799452185217,0.9930929314296129,-2.234866875581778,2.363623555276703
0.16,0.05,0.02,0.0,1.5708,0.0,1,2.4840165608516247,2.087298337204173,-0.37160027926636774,1.4258548257874073,-2.2365727774949713,-3.141555302486256
0.16,0.05,0.06,0.0,0.0,0.0,1,2.482078629346927,1.3604235706726375,0.7678404138006683,0.9999386979570349,-2.2304032838667576,1.5813740028715086
0.16,0.05,0.06,0.0,0.7854,0.0,1,2.4833526563444575,2.063961637078888,-0.7495330678960981,1.8177506738925686,-2.234866115711736,2.3636259327847084
0.16,0.05,0.06,0.0,1.5708,0.0,1,2.4839890479430515,2.0538686897724596,-0.7239552653262527,1.8116827392760977,-2.2365684028025457,3.141587797131187
0.16,0.05,0.1,0.0,0.0,0.0,1,2.481933224160739,1.8814305579136532,-0.8104827449530527,2.0572612492169022,-2.2304992629996767,1.5813642084984527
0.16,0.05,0.1,0.0,0.7854,0.0,1,-0.005093829545383607,-2.201997946240046,1.4269930710443017,-1.8755935058028568,1.5584174775881925,2.847175462630669
0.16,0.05,0.1,0.0,1.5708,0.0,1,2.483962094766065,1.8671194159655706,-0.7707857504891855,2.0452507079217255,-2.2366379052128385,3.14159
0.16,0.05,0.14,0.0,0.0,0.0,1,2.4819225533021907,1.5918185438383476,-0.6258117892966573,2.1621426377516713,-2.2305478033036095,1.5814063059560952
0.16,0.05,0.14,0.0,0.7854,0.0,1,-0.00515701859988044,-0.688504525927925,-1.3309347496779655,-0.6362256772549137,1.5583547155544852,2.842104214178295
0.16,0.05,0.14,0.0,1.5708,0.0,1,2.4840107255292234,1.5755125820844729,-0.5788556214048735,2.1449330828028925,-2.2366277063324214,3.14159
0.16,0.05,0.18,0.0,0.0,0.0,1,2.4819370414178534,1.5934213105609574,0.5447436439854951,-2.151576980237789,-0.9110890351036512,-1.560172203407892
0.16,0.05,0.18,0.0,0.7854,0.0,1,-0.005123907341802272,-1.5772212073998384,1.0768674919032661,-2.1527328393741696,1.5584186557329212,2.844685613396988
0.16,0.05,0.18,0.0,1.5708,0.0,1,-0.0051187791229531515,-1.5943815215603594,-0.5505141245952404,2.144843010539313,1.5841187783446444,-5.085119880979955e-05
0.16,0.1,0.02,0.0,0.0,0.0,1,0.2639088468681761,-1.6024391614381985,-0.701870821470223,-0.8687476264356697,1.8348224135824323,1.5404181758805624
0.16,0.1,0.02,0.0,0.7854,0.0,1,2.7149404111141497,1.5761980584970063,0.771877399119752,0.7796776394987396,-2.0032932627115265,2.368775071888852
0.16,0.1,0.02,0.0,1.5708,0.0,1,2.7153800798994623,2.275591761736515,-0.7375693217204633,1.6035710684932265,-2.0052199201086616,-3.14159
0.16,0.1,0.06,0.0,0.0,0.0,1,0.26390737592011876,-1.284215927136749,-0.9480351796028624,-0.9408014838814183,1.8348202789390207,1.540423396266937
0.16,0.1,0.06,0.0,0.7854,0.0,1,2.7149394782324543,1.261327391026125,1.005431079785705,0.8609946158916935,-2.003294193762997,2.368775083469184
0.16,0.1,0.06,0.0,1.5708,0.0,1,2.715379183955888,1.2746003898155438,0.9794135144332469,0.887579599817656,-2.005220816009438,3.14159
0.16,0.1,0.1,0.0,0.0,0.0,1,2.713873759700239,1.9903057661882084,-1.0581489794832624,2.189661304414328,-1.9985962955520369,1.5887858044993248
0.16,0.1,0.1,0.0,0.7854,0.0,1,2.714939018918734,1.0230879965358817,1.0404732817099198,1.0641918189331943,-2.003294650342695,2.3687750732353567
0.16,0.1,0.1,0.0,1.5708,0.0,1,2.7153827771462558,1.9760234450943068,-1.0171054493574518,2.1826770518722953,-2.0052171522180124,3.14159
0.16,0.1,0.14,0.0,0.0,0.0,1,2.71387273402491,0.8633342359542199,0.9119156061798426,1.3465683571486404,-1.9985973306222382,1.5887856814313075
0.16,0.1,0.14,0.0,0.7854,0.0,1,2.714938055663462,2.195058241476764,-0.30925665443451195,-1.8996235741623242,-1.1383043848998922,-0.7728335426446132
0.16,0.1,0.14,0.0,1.5708,0.0,1,2.71589412053092,2.2084097211806837,-0.33050570135287555,-1.8778920519935531,-1.1368134072715756,-1.333496912066361e-05
0.16,0.1,0.18,0.0,0.0,0.0,1,2.7138730364716843,2.2485512066385054,-0.8362839703265244,-1.4320351086916512,-1.1430077133811536,-1.5528086437098767
0.16,0.1,0.18,0.0,0.7854,0.0,1,2.7149389584893875,0.8846657351973957,0.45350908901009634,1.7895800010808016,-2.003294727431575,2.368777267369466
0.16,0.1,0.18,0.0,1.5708,0.0,1,0.2629085353604769,-1.4733387516878615,-0.84823042643662,2.3215714030216565,1.3160868671282022,3.6723561651048404e-05
0.18,-0.1,0.02,0.0,0.0,0.0,0,0.0,0.0,0.0,0.0,0.0,0.0
0.18,-0.1,0.02,0.0,0.7854,0.0,0,0.0,0.0,0.0,0.0,0.0,0.0
0.18,-0.1,0.02,0.0,1.5708,0.0,0,0.0,0.0,0.0,0.0,0.0,0.0
0.18,-0.1,0.06,0.0,0.0,0.0,0,0.0,0.0,0.0,0.0,0.0,0.0
0.18,-0.1,0.06,0.0,0.7854,0.0,0,0.0,0.0,0.0,0.0,0.0,0.0
0.18,-0.1,0.06,0.0,1.5708,0.0,0,0.0,0.0,0.0,0.0,0.0,0.0
0.18,-0.1,0.1,0.0,0.0,0.0,0,0.0,0.0,0.0,0.0,0.0,0.0
0.18,-0.1,0.1,0.0,0.7854,0.0,0,0.0,0.0,0.0,0.0,0.0,0.0
0.18,-0.1,0.1,0.0,1.5708,0.0,0,0.0,0.0,0.0,0.0,0.0,0.0
0.18,-0.1,0.14,0.0,0.0,0.0,0,0.0,0.0,0.0,0.0,0.0,0.0
0.18,-0.1,0.14,0.0,0.7854,0.0,0,0.0,0.0,0.0,0.0,0.0,0.0
0.18,-0.1,0.14,0.0,1.5708,0.0,0,0.0,0.0,0.0,0.0,0.0,0.0
0.18,-0.1,0.18,0.0,0.0,0.0,0,0.0,0.0,0.0,0.0,0.0,0.0
0.18,-0.1,0.18,0.0,0.7854,0.0,0,0.0,0.0,0.0,0.0,0.0,0.0
0.18,-0.1,0.18,0.0,1.5708,0.0,0,0.0,0.0,0.0,0.0,0.0,0.0
0.18,-0.05,0.02,0.0,0.0,0.0,0,0.0,0.0,0.0,0.0,0.0,0.0
0.18,-0.05,0.02,0.0,0.7854,0.0,0,0.0,0.0,0.0,0.0,0.0,0.0
0.18,-0.05,0.02,0.0,1.5708,0.0,0,0.0,0.0,0.0,0.0,0.0,0.0
0.18,-0.05,0.06,0.0,0.0,0.0,0,0.0,0.0,0.0,0.0,0.0,0.0
0.18,-0.05,0.06,0.0,0.7854,0.0,0,0.0,0.0,0.0,0.0,0.0,0.0
0.18,-0.05,0.06,0.0,1.5708,0.0,0,0.0,0.0,0.0,0.0,0.0,0.0
0.18,-0.05,0.1,0.0,0.0,0.0,0,0.0,0.0,0.0,0.0,0.0,0.0
0.18,-0.05,0.1,0.0,0.7854,0.0,0,0.0,0.0,0.0,0.0,0.0,0.0
0.18,-0.05,0.1,0.0,1.5708,0.0,0,0.0,0.0,0.0,0.0,0.0,0.0
0.18,-0.05,0.14,0.0,0.0,0.0,0,0.0,0.0,0.0,0.0,0.0,0.0
0.18,-0.05,0.14,0.0,0.7854,0.0,0,0.0,0.0,0.0,0.0,0.0,0.0
0.18,-0.05,0.14,0.0,1.5708,0.0,0,0.0,0.0,0.0,0.0,0.0,0.0
0.18,-0.05,0.18,0.0,0.0,0.0,0,0.0,0.0,0.0,0.0,0.0,0.0
0.18,-0.05,0.18,0.0,0.7854,0.0,0,0.0,0.0,0.0,0.0,0.0,0.0
0.18,-0.05,0.18,0.0,1.5708,0.0,0,0.0,0.0,0.0,0.0,0.0,0.0
0.18,0.0,0.02,0.0,0.0,0.0,0,0.0,0.0,0.0,0.0,0.0,0.0
0.18,0.0,0.02,0.0,0.7854,0.0,0,0.0,0.0,0.0,0.0,0.0,0.0
0.18,0.0,0.02,0.0,1.5708,0.0,0,0.0,0.0,0.0,0.0,0.0,0.0
0.18,0.0,0.06,0.0,0.0,0.0,0,0.0,0.0,0.0,0.0,0.0,0.0
0.18,0.0,0.06,0.0,0.7854,0.0,0,0.0,0.0,0.0,0.0,0.0,0.0
0.18,0.0,0.06,0.0,1.5708,0.0,0,0.0,0.0,0.0,0.0,0.0,0.0
0.18,0.0,0.1,0.0,0.0,0.0,0,0.0,0.0,0.0,0.0,0.0,0.0
0.18,0.0,0.1,0.0,0.7854,0.0,0,0.0,0.0,0.0,0.0,0.0,0.0
0.18,0.0,0.1,0.0,1.5708,0.0,0,0.0,0.0,0.0,0.0,0.0,0.0
0.18,0.0,0.14,0.0,0.0,0.0,0,0.0,0.0,0.0,0.0,0.0,0.0
0.18,0.0,0.14,0.0,0.7854,0.0,0,0.0,0.0,0.0,0.0,0.0,0.0
0.18,0.0,0.14,0.0,1.5708,0.0,0,0.0,0.0,0.0,0.0,0.0,0.0
0.18,0.0,0.18,0.0,0.0,0.0,0,0.0,0.0,0.0,0.0,0.0,0.0
0.18,0.0,0.18,0.0,0.7854,0.0,0,0.0,0.0,0.0,0.0,0.0,0.0
0.18,0.0,0.18,0.0,1.5708,0.0,0,0.0,0.0,0.0,0.0,0.0,0.0
0.18,0.05,0.02,0.0,0.0,0.0,0,0.0,0.0,0.0,0.0,0.0,0.0
0.18,0.05,0.02,0.0,0.7854,0.0,1,-0.004622207436278257,-2.3416575879948853,0.7682630136066887,-1.0600109079599616,1.5588599910517145,2.8643694775482658
0.18,0.05,0.02,0.0,1.5708,0.0,0,0.0,0.0,0.0,0.0,0.0,0.0
0.18,0.05,0.06,0.0,0.0,0.0,0,0.0,0.0,0.0,0.0,0.0,0.0
0.18,0.05,0.06,0.0,0.7854,0.0,1,-0.003901804241674926,-2.271048934392489,1.049160155716514,-1.3800523394639308,1.5594902062892118,2.8958359707314463
0.18,0.05,0.06,0.0,1.5708,0.0,0,0.0,0.0,0.0,0.0,0.0,0.0
0.18,0.05,0.1,0.0,0.0,0.0,1,-0.0046132167203722305,-2.441804705040991,1.5380291524927927,-1.178959922807709,1.561377097611102,2.629634089917385
0.18,0.05,0.1,0.0,0.7854,0.0,1,-0.004627232393887393,-2.069436829244928,1.1167684981754162,-1.6809486091155244,1.5588554142919164,2.8641580107194566
0.18,0.05,0.1,0.0,1.5708,0.0,0,0.0,0.0,0.0,0.0,0.0,0.0
0.18,0.05,0.14,0.0,0.0,0.0,0,0.0,0.0,0.0,0.0,0.0,0.0
0.18,0.05,0.14,0.0,0.7854,0.0,1,-0.004638980342832281,-1.8010573577177373,1.0181337208921355,-1.8511727487315093,1.5588451165356336,2.863678535493141
0.18,0.05,0.14,0.0,1.5708,0.0,0,0.0,0.0,0.0,0.0,0.0,0.0
0.18,0.05,0.18,0.0,0.0,0.0,1,-0.004393932856745109,-1.876769321417812,1.4366202019363854,-1.621679226034339,1.5614765055173945,2.650538385659826
0.18,0.05,0.18,0.0,0.7854,0.0,1,-0.004028811752205308,-0.7955463371839595,-0.7268378721260477,-1.0859003955701054,1.5593699216985015,2.889492076609892
0.18,0.05,0.18,0.0,1.5708,0.0,0,0.0,0.0,0.0,0.0,0.0,0.0
0.18,0.1,0.02,0.0,0.0,0.0,0,0.0,0.0,0.0,0.0,0.0,0.0
0.18,0.1,0.02,0.0,0.7854,0.0,0,0.0,0.0,0.0,0.0,0.0,0.0
0.18,0.1,0.02,0.0,1.5708,0.0,0,0.0,0.0,0.0,0.0,0.0,0.0
0.18,0.1,0.06,0.0,0.0,0.0,1,2.7595498363810207,1.5269187931695438,0.390266399246639,1.2024097018150206,-1.9529465260278775,1.5912058772494846
0.18,0.1,0.06,0.0,0.7854,0.0,1,2.7605707356296145,1.8631145318734434,-0.33276840429600224,1.5958747061965746,-1.9576849977576691,2.370447005701174
0.18,0.1,0.06,0.0,1.5708,0.0,1,0.2369888219249518,-1.877869554969047,0.35907470759693405,-1.622791743618493,1.7995734322292984,-3.1415850353817794
0.18,0.1,0.1,0.0,0.0,0.0,1,0.23775619480222976,-1.3502023477351093,-0.3452209742486041,-1.4810132499841566,1.8086839090161912,1.536931501405772
0.18,0.1,0.1,0.0,0.7854,0.0,1,0.23722332234447616,-1.3449144738619732,-0.35827627209512725,-1.4637137150498796,1.8022827833883222,2.3315748126886655
0.18,0.1,0.1,0.0,1.5708,0.0,1,0.236982979350947,-1.7172853486733886,0.43950595460692504,-1.863838790265366,1.7995680111419274,3.1415700342765076
0.18,0.1,0.14,0.0,0.0,0.0,1,2.755616416247547,1.2317518237836413,0.17653041562889205,1.7115251951938975,-1.9568629050963782,1.5909766129892158
0.18,0.1,0.14,0.0,0.7854,0.0,0,0.0,0.0,0.0,0.0,0.0,0.0
0.18,0.1,0.14,0.0,1.5708,0.0,0,0.0,0.0,0.0,0.0,0.0,0.0
0.18,0.1,0.18,0.0,0.0,0.0,1,0.2377568668839864,-1.7340911855927215,-0.2222309483031359,1.9215095757095897,1.3329007601604106,-1.6046306611183663
0.18,0.1,0.18,0.0,0.7854,0.0,1,0.23720714394953485,-1.8143636625409265,-0.0484327869185175,1.8375148860547714,1.339319040706687,-0.809988497230398
0.18,0.1,0.18,0.0,1.5708,0.0,0,0.0,0.0,0.0,0.0,0.0,0.0
0.2,-0.1,0.02,0.0,0.0,0.0,0,0.0,0.0,0.0,0.0,0.0,0.0
0.2,-0.1,0.02,0.0,0.7854,0.0,0,0.0,0.0,0.0,0.0,0.0,0.0
0.2,-0.1,0.02,0.0,1.5708,0.0,0,0.0,0.0,0.0,0.0,0.0,0.0
0.2,-0.1,0.06,0.0,0.0,0.0,0,0.0,0.0,0.0,0.0,0.0,0.0
0.2,-0.1,0.06,0.0,0.7854,0.0,0,0.0,0.0,0.0,0.0,0.0,0.0
0.2,-0.1,0.06,0.0,1.5708,0.0,0,0.0,0.0,0.0,0.0,0.0,0.0
0.2,-0.1,0.1,0.0,0.0,0.0,0,0.0,0.0,0.0,0.0,0.0,0.0
0.2,-0.1,0.1,0.0,0.7854,0.0,0,0.0,0.0,0.0,0.0,0.0,0.0
0.2,-0.1,0.1,0.0,1.5708,0.0,0,0.0,0.0,0.0,0.0,0.0,0.0
0.2,-0.1,0.14,0.0,0.0,0.0,0,0.0,0.0,0.0,0.0,0.0,0.0
0.2,-0.1,0.14,0.0,0.7854,0.0,0,0.0,0.0,0.0,0.0,0.0,0.0
0.2,-0.1,0.14,0.0,1.5708,0.0,0,0.0,0.0,0.0,0.0,0.0,0.0
0.2,-0.1,0.18,0.0,0.0,0.0,0,0.0,0.0,0.0,0.0,0.0,0.0
0.2,-0.1,0.18,0.0,0.7854,0.0,0,0.0,0.0,0.0,0.0,0.0,0.0
0.2,-0.1,0.18,0.0,1.5708,0.0,0,0.0,0.0,0.0,0.0,0.0,0.0
0.2,-0.05,0.02,0.0,0.0,0.0,0,0.0,0.0,0.0,0.0,0.0,0.0
0.2,-0.05,0.02,0.0,0.7854,0.0,0,0.0,0.0,0.0,0.0,0.0,0.0
0.2,-0.05,0.02,0.0,1.5708,0.0,0,0.0,0.0,0.0,0.0,0.0,0.0
0.2,-0.05,0.06,0.0,0.0,0.0,0,0.0,0.0,0.0,0.0,0.0,0.0
0.2,-0.05,0.06,0.0,0.7854,0.0,0,0.0,0.0,0.0,0.0,0.0,0.0
0.2,-0.05,0.06,0.0,1.5708,0.0,0,0.0,0.0,0.0,0.0,0.0,0.0
0.2,-0.05,0.1,0.0,0.0,0.0,0,0.0,0.0,0.0,0.0,0.0,0.0
0.2,-0.05,0.1,0.0,0.7854,0.0,0,0.0,0.0,0.0,0.0,0.0,0.0
0.2,-0.05,0.1,0.0,1.5708,0.0,0,0.0,0.0,0.0,0.0,0.0,0.0
0.2,-0.05,0.14,0.0,0.0,0.0,0,0.0,0.0,0.0,0.0,0.0,0.0
0.2,-0.05,0.14,0.0,0.7854,0.0,0,0.0,0.0,0.0,0.0,0.0,0.0
0.2,-0.05,0.14,0.0,1.5708,0.0,0,0.0,0.0,0.0,0.0,0.0,0.0
0.2,-0.05,0.18,0.0,0.0,0.0,0,0.0,0.0,0.0,0.0,0.0,0.0
0.2,-0.05,0.18,0.0,0.7854,0.0,0,0.0,0.0,0.0,0.0,0.0,0.0
0.2,-0.05,0.18,0.0,1.5708,0.0,0,0.0,0.0,0.0,0.0,0.0,0.0
0.2,0.0,0.02,0.0,0.0,0.0,0,0.0,0.0,0.0,0.0,0.0,0.0
0.2,0.0,0.02,0.0,0.7854,0.0,0,0.0,0.0,0.0,0.0,0.0,0.0
0.2,0.0,0.02,0.0,1.5708,0.0,0,0.0,0.0,0.0,0.0,0.0,0.0
0.2,0.0,0.06,0.0,0.0,0.0,0,0.0,0.0,0.0,0.0,0.0,0.0
0.2,0.0,0.06,0.0,0.7854,0.0,0,0.0,0.0,0.0,0.0,0.0,0.0
0.2,0.0,0.06,0.0,1.5708,0.0,0,0.0,0.0,0.0,0.0,0.0,0.0
0.2,0.0,0.1,0.0,0.0,0.0,0,0.0,0.0,0.0,0.0,0.0,0.0
0.2,0.0,0.1,0.0,0.7854,0.0,0,0.0,0.0,0.0,0.0,0.0,0.0
0.2,0.0,0.1,0.0,1.5708,0.0,0,0.0,0.0,0.0,0.0,0.0,0.0
0.2,0.0,0.14,0.0,0.0,0.0,0,0.0,0.0,0.0,0.0,0.0,0.0
0.2,0.0,0.14,0.0,0.7854,0.0,0,0.0,0.0,0.0,0.0,0.0,0.0
0.2,0.0,0.14,0.0,1.5708,0.0,0,0.0,0.0,0.0,0.0,0.0,0.0
0.2,0.0,0.18,0.0,0.0,0.0,0,0.0,0.0,0.0,0.0,0.0,0.0
0.2,0.0,0.18,0.0,0.7854,0.0,0,0.0,0.0,0.0,0.0,0.0,0.0
0.2,0.0,0.18,0.0,1.5708,0.0,0,0.0,0.0,0.0,0.0,0.0,0.0
0.2,0.05,0.02,0.0,0.0,0.0,0,0.0,0.0,0.0,0.0,0.0,0.0
0.2,0.05,0.02,0.0,0.7854,0.0,0,0.0,0.0,0.0,0.0,0.0,0.0
0.2,0.05,0.02,0.0,1.5708,0.0,0,0.0,0.0,0.0,0.0,0.0,0.0
0.2,0.05,0.06,0.0,0.0,0.0,1,-0.004364885775657705,-1.466595609931995,-1.050596921216489,0.45531697742898164,1.561517264810801,2.6504988472411797
0.2,0.05,0.06,0.0,0.7854,0.0,1,-0.004321478280647272,-2.013056172540658,0.5449828391650998,-1.1586298350305038,1.5589971938068596,2.871067060509049
0.2,0.05,0.06,0.0,1.5708,0.0,0,0.0,0.0,0.0,0.0,0.0,0.0
0.2,0.05,0.1,0.0,0.0,0.0,0,0.0,0.0,0.0,0.0,0.0,0.0
0.2,0.05,0.1,0.0,0.7854,0.0,1,-0.004243180257159254,-1.8822727121705891,0.6963019883050462,-1.429988125824594,1.5591658039436138,2.8818069569730254
0.2,0.05,0.1,0.0,1.5708,0.0,0,0.0,0.0,0.0,0.0,0.0,0.0
0.2,0.05,0.14,0.0,0.0,0.0,0,0.0,0.0,0.0,0.0,0.0,0.0
0.2,0.05,0.14,0.0,0.7854,0.0,0,0.0,0.0,0.0,0.0,0.0,0.0
0.2,0.05,0.14,0.0,1.5708,0.0,0,0.0,0.0,0.0,0.0,0.0,0.0
0.2,0.05,0.18,0.0,0.0,0.0,0,0.0,0.0,0.0,0.0,0.0,0.0
0.2,0.05,0.18,0.0,0.7854,0.0,0,0.0,0.0,0.0,0.0,0.0,0.0
0.2,0.05,0.18,0.0,1.5708,0.0,0,0.0,0.0,0.0,0.0,0.0,0.0
0.2,0.1,0.02,0.0,0.0,0.0,0,0.0,0.0,0.0,0.0,0.0,0.0
0.2,0.1,0.02,0.0,0.7854,0.0,0,0.0,0.0,0.0,0.0,0.0,0.0
0.2,0.1,0.02,0.0,1.5708,0.0,0,0.0,0.0,0.0,0.0,0.0,0.0
0.2,0.1,0.06,0.0,0.0,0.0,0,0.0,0.0,0.0,0.0,0.0,0.0
0.2,0.1,0.06,0.0,0.7854,0.0,0,0.0,0.0,0.0,0.0,0.0,0.0
0.2,0.1,0.06,0.0,1.5708,0.0,0,0.0,0.0,0.0,0.0,0.0,0.0
0.2,0.1,0.1,0.0,0.0,0.0,0,0.0,0.0,0.0,0.0,0.0,0.0
0.2,0.1,0.1,0.0,0.7854,0.0,0,0.0,0.0,0.0,0.0,0.0,0.0
0.2,0.1,0.1,0.0,1.5708,0.0,0,0.0,0.0,0.0,0.0,0.0,0.0
0.2,0.1,0.14,0.0,0.0,0.0,0,0.0,0.0,0.0,0.0,0.0,0.0
0.2,0.1,0.14,0.0,0.7854,0.0,0,0.0,0.0,0.0,0.0,0.0,0.0
0.2,0.1,0.14,0.0,1.5708,0.0,0,0.0,0.0,0.0,0.0,0.0,0.0
0.2,0.1,0.18,0.0,0.0,0.0,0,0.0,0.0,0.0,0.0,0.0,0.0
0.2,0.1,0.18,0.0,0.7854,0.0,0,0.0,0.0,0.0,0.0,0.0,0.0
0.2,0.1,0.18,0.0,1.5708,0.0,0,0.0,0.0,0.0,0.0,0.0,0.0
0.22,-0.1,0.02,0.0,0.0,0.0,0,0.0,0.0,0.0,0.0,0.0,0.0
0.22,-0.1,0.02,0.0,0.7854,0.0,0,0.0,0.0,0.0,0.0,0.0,0.0
0.22,-0.1,0.02,0.0,1.5708,0.0,0,0.0,0.0,0.0,0.0,0.0,0.0
0.22,-0.1,0.06,0.0,0.0,0.0,0,0.0,0.0,0.0,0.0,0.0,0.0
0.22,-0.1,0.06,0.0,0.7854,0.0,0,0.0,0.0,0.0,0.0,0.0,0.0
0.22,-0.1,0.06,0.0,1.5708,0.0,0,0.0,0.0,0.0,0.0,0.0,0.0
0.22,-0.1,0.1,0.0,0.0,0.0,0,0.0,0.0,0.0,0.0,0.0,0.0
0.22,-0.1,0.1,0.0,0.7854,0.0,0,0.0,0.0,0.0,0.0,0.0,0.0
0.22,-0.1,0.1,0.0,1.5708,0.0,0,0.0,0.0,0.0,0.0,0.0,0.0
0.22,-0.1,0.14,0.0,0.0,0.0,0,0.0,0.0,0.0,0.0,0.0,0.0
0.22,-0.1,0.14,0.0,0.7854,0.0,0,0.0,0.0,0.0,0.0,0.0,0.0
0.22,-0.1,0.14,0.0,1.5708,0.0,0,0.0,0.0,0.0,0.0,0.0,0.0
0.22,-0.1,0.18,0.0,0.0,0.0,0,0.0,0.0,0.0,0.0,0.0,0.0
0.22,-0.1,0.18,0.0,0.7854,0.0,0,0.0,0.0,0.0,0.0,0.0,0.0
0.22,-0.1,0.18,0.0,1.5708,0.0,0,0.0,0.0,0.0,0.0,0.0,0.0
0.22,-0.05,0.02,0.0,0.0,0.0,0,0.0,0.0,0.0,0.0,0.0,0.0
0.22,-0.05,0.02,0.0,0.7854,0.0,0,0.0,0.0,0.0,0.0,0.0,0.0
0.22,-0.05,0.02,0.0,1.5708,0.0,0,0.0,0.0,0.0,0.0,0.0,0.0
0.22,-0.05,0.06,0.0,0.0,0.0,0,0.0,0.0,0.0,0.0,0.0,0.0
0.22,-0.05,0.06,0.0,0.7854,0.0,0,0.0,0.0,0.0,0.0,0.0,0.0
0.22,-0.05,0.06,0.0,1.5708,0.0,0,0.0,0.0,0.0,0.0,0.0,0.0
0.22,-0.05,0.1,0.0,0.0,0.0,0,0.0,0.0,0.0,0.0,0.0,0.0
0.22,-0.05,0.1,0.0,0.7854,0.0,0,0.0,0.0,0.0,0.0,0.0,0.0
0.22,-0.05,0.1,0.0,1.5708,0.0,0,0.0,0.0,0.0,0.0,0.0,0.0
0.22,-0.05,0.14,0.0,0.0,0.0,0,0.0,0.0,0.0,0.0,0.0,0.0
0.22,-0.05,0.14,0.0,0.7854,0.0,0,0.0,0.0,0.0,0.0,0.0,0.0
0.22,-0.05,0.14,0.0,1.5708,0.0,0,0.0,0.0,0.0,0.0,0.0,0.0
0.22,-0.05,0.18,0.0,0.0,0.0,0,0.0,0.0,0.0,0.0,0.0,0.0
0.22,-0.05,0.18,0.0,0.7854,0.0,0,0.0,0.0,0.0,0.0,0.0,0.0
0.22,-0.05,0.18,0.0,1.5708,0.0,0,0.0,0.0,0.0,0.0,0.0,0.0
0.22,0.0,0.02,0.0,0.0,0.0,0,0.0,0.0,0.0,0.0,0.0,0.0
0.22,0.0,0.02,0.0,0.7854,0.0,0,0.0,0.0,0.0,0.0,0.0,0.0
0.22,0.0,0.02,0.0,1.5708,0.0,0,0.0,0.0,0.0,0.0,0.0,0.0
0.22,0.0,0.06,0.0,0.0,0.0,0,0.0,0.0,0.0,0.0,0.0,0.0
0.22,0.0,0.06,0.0,0.7854,0.0,0,0.0,0.0,0.0,0.0,0.0,0.0
0.22,0.0,0.06,0.0,1.5708,0.0,0,0.0,0.0,0.0,0.0,0.0,0.0
0.22,0.0,0.1,0.0,0.0,0.0,0,0.0,0.0,0.0,0.0,0.0,0.0
0.22,0.0,0.1,0.0,0.7854,0.0,0,0.0,0.0,0.0,0.0,0.0,0.0
0.22,0.0,0.1,0.0,1.5708,0.0,0,0.0,0.0,0.0,0.0,0.0,0.0
0.22,0.0,0.14,0.0,0.0,0.0,0,0.0,0.0,0.0,0.0,0.0,0.0
0.22,0.0,0.14,0.0,0.7854,0.0,0,0.0,0.0,0.0,0.0,0.0,0.0
0.22,0.0,0.14,0.0,1.5708,0.0,0,0.0,0.0,0.0,0.0,0.0,0.0
0.22,0.0,0.18,0.0,0.0,0.0,0,0.0,0.0,0.0,0.0,0.0,0.0
0.22,0.0,0.18,0.0,0.7854,0.0,0,0.0,0.0,0.0,0.0,0.0,0.0
0.22,0.0,0.18,0.0,1.5708,0.0,0,0.0,0.0,0.0,0.0,0.0,0.0
0.22,0.05,0.02,0.0,0.0,0.0,0,0.0,0.0,0.0,0.0,0.0,0.0
0.22,0.05,0.02,0.0,0.7854,0.0,0,0.0,0.0,0.0,0.0,0.0,0.0
0.22,0.05,0.02,0.0,1.5708,0.0,0,0.0,0.0,0.0,0.0,0.0,0.0
0.22,0.05,0.06,0.0,0.0,0.0,0,0.0,0.0,0.0,0.0,0.0,0.0
0.22,0.05,0.06,0.0,0.7854,0.0,0,0.0,0.0,0.0,0.0,0.0,0.0
0.22,0.05,0.06,0.0,1.5708,0.0,0,0.0,0.0,0.0,0.0,0.0,0.0
0.22,0.05,0.1,0.0,0.0,0.0,0,0.0,0.0,0.0,0.0,0.0,0.0
0.22,0.05,0.1,0.0,0.7854,0.0,0,0.0,0.0,0.0,0.0,0.0,0.0
0.22,0.05,0.1,0.0,1.5708,0.0,0,0.0,0.0,0.0,0.0,0.0,0.0
0.22,0.05,0.14,0.0,0.0,0.0,1,-0.0038527632355898913,-1.944760875564508,0.9324803575432923,-1.0027541051171345,1.5617026993560452,2.6973376980625576
0.22,0.05,0.14,0.0,0.7854,0.0,0,0.0,0.0,0.0,0.0,0.0,0.0
0.22,0.05,0.14,0.0,1.5708,0.0,0,0.0,0.0,0.0,0.0,0.0,0.0
0.22,0.05,0.18,0.0,0.0,0.0,1,-0.003982080802946402,-0.9925177864699669,-0.6016764233666281,-0.5387340641608777,1.5610881521214683,2.5794392545898446
0.22,0.05,0.18,0.0,0.7854,0.0,0,0.0,0.0,0.0,0.0,0.0,0.0
0.22,0.05,0.18,0.0,1.5708,0.0,0,0.0,0.0,0.0,0.0,0.0,0.0
0.22,0.1,0.02,0.0,0.0,0.0,0,0.0,0.0,0.0,0.0,0.0,0.0
0.22,0.1,0.02,0.0,0.7854,0.0,0,0.0,0.0,0.0,0.0,0.0,0.0
0.22,0.1,0.02,0.0,1.5708,0.0,0,0.0,0.0,0.0,0.0,0.0,0.0
0.22,0.1,0.06,0.0,0.0,0.0,0,0.0,0.0,0.0,0.0,0.0,0.0
0.22,0.1,0.06,0.0,0.7854,0.0,0,0.0,0.0,0.0,0.0,0.0,0.0
0.22,0.1,0.06,0.0,1.5708,0.0,0,0.0,0.0,0.0,0.0,0.0,0.0
0.22,0.1,0.1,0.0,0.0,0.0,0,0.0,0.0,0.0,0.0,0.0,0.0
0.22,0.1,0.1,0.0,0.7854,0.0,0,0.0,0.0,0.0,0.0,0.0,0.0
0.22,0.1,0.1,0.0,1.5708,0.0,0,0.0,0.0,0.0,0.0,0.0,0.0
0.22,0.1,0.14,0.0,0.0,0.0,0,0.0,0.0,0.0,0.0,0.0,0.0
0.22,0.1,0.14,0.0,0.7854,0.0,0,0.0,0.0,0.0,0.0,0.0,0.0
0.22,0.1,0.14,0.0,1.5708,0.0,0,0.0,0.0,0.0,0.0,0.0,0.0
0.22,0.1,0.18,0.0,0.0,0.0,0,0.0,0.0,0.0,0.0,0.0,0.0
0.22,0.1,0.18,0.0,0.7854,0.0,0,0.0,0.0,0.0,0.0,0.0,0.0
0.22,0.1,0.18,0.0,1.5708,0.0,0,0.0,0.0,0.0,0.0,0.0,0.0
0.24,-0.1,0.02,0.0,0.0,0.0,0,0.0,0.0,0.0,0.0,0.0,0.0
0.24,-0.1,0.02,0.0,0.7854,0.0,0,0.0,0.0,0.0,0.0,0.0,0.0
0.24,-0.1,0.02,0.0,1.5708,0.0,0,0.0,0.0,0.0,0.0,0.0,0.0
0.24,-0.1,0.06,0.0,0.0,0.0,0,0.0,0.0,0.0,0.0,0.0,0.0
0.24,-0.1,0.06,0.0,0.7854,0.0,0,0.0,0.0,0.0,0.0,0.0,0.0
0.24,-0.1,0.06,0.0,1.5708,0.0,0,0.0,0.0,0.0,0.0,0.0,0.0
0.24,-0.1,0.1,0.0,0.0,0.0,0,0.0,0.0,0.0,0.0,0.0,0.0
0.24,-0.1,0.1,0.0,0.7854,0.0,0,0.0,0.0,0.0,0.0,0.0,0.0
0.24,-0.1,0.1,0.0,1.5708,0.0,0,0.0,0.0,0.0,0.0,0.0,0.0
0.24,-0.1,0.14,0.0,0.0,0.0,0,0.0,0.0,0.0,0.0,0.0,0.0
0.24,-0.1,0.14,0.0,0.7854,0.0,0,0.0,0.0,0.0,0.0,0.0,0.0
0.24,-0.1,0.14,0.0,1.5708,0.0,0,0.0,0.0,0.0,0.0,0.0,0.0
0.24,-0.1,0.18,0.0,0.0,0.0,0,0.0,0.0,0.0,0.0,0.0,0.0
0.24,-0.1,0.18,0.0,0.7854,0.0,0,0.0,0.0,0.0,0.0,0.0,0.0
0.24,-0.1,0.18,0.0,1.5708,0.0,0,0.0,0.0,0.0,0.0,0.0,0.0
0.24,-0.05,0.02,0.0,0.0,0.0,0,0.0,0.0,0.0,0.0,0.0,0.0
0.24,-0.05,0.02,0.0,0.7854,0.0,0,0.0,0.0,0.0,0.0,0.0,0.0
0.24,-0.05,0.02,0.0,1.5708,0.0,0,0.0,0.0,0.0,0.0,0.0,0.0
0.24,-0.05,0.06,0.0,0.0,0.0,0,0.0,0.0,0.0,0.0,0.0,0.0
0.24,-0.05,0.06,0.0,0.7854,0.0,0,0.0,0.0,0.0,0.0,0.0,0.0
0.24,-0.05,0.06,0.0,1.5708,0.0,0,0.0,0.0,0.0,0.0,0.0,0.0
0.24,-0.05,0.1,0.0,0.0,0.0,0,0.0,0.0,0.0,0.0,0.0,0.0
0.24,-0.05,0.1,0.0,0.7854,0.0,0,0.0,0.0,0.0,0.0,0.0,0.0
0.24,-0.05,0.1,0.0,1.5708,0.0,0,0.0,0.0,0.0,0.0,0.0,0.0
0.24,-0.05,0.14,0.0,0.0,0.0,0,0.0,0.0,0.0,0.0,0.0,0.0
0.24,-0.05,0.14,0.0,0.7854,0.0,0,0.0,0.0,0.0,0.0,0.0,0.0
0.24,-0.05,0.14,0.0,1.5708,0.0,0,0.0,0.0,0.0,0.0,0.0,0.0
0.24,-0.05,0.18,0.0,0.0,0.0,0,0.0,0.0,0.0,0.0,0.0,0.0
0.24,-0.05,0.18,0.0,0.7854,0.0,0,0.0,0.0,0.0,0.0,0.0,0.0
0.24,-0.05,0.18,0.0,1.5708,0.0,0,0.0,0.0,0.0,0.0,0.0,0.0
0.24,0.0,0.02,0.0,0.0,0.0,0,0.0,0.0,0.0,0.0,0.0,0.0
0.24,0.0,0.02,0.0,0.7854,0.0,0,0.0,0.0,0.0,0.0,0.0,0.0
0.24,0.0,0.02,0.0,1.5708,0.0,0,0.0,0.0,0.0,0.0,0.0,0.0
0.24,0.0,0.06,0.0,0.0,0.0,0,0.0,0.0,0.0,0.0,0.0,0.0
0.24,0.0,0.06,0.0,0.7854,0.0,0,0.0,0.0,0.0,0.0,0.0,0.0
0.24,0.0,0.06,0.0,1.5708,0.0,0,0.0,0.0,0.0,0.0,0.0,0.0
0.24,0.0,0.1,0.0,0.0,0.0,0,0.0,0.0,0.0,0.0,0.0,0.0
0.24,0.0,0.1,0.0,0.7854,0.0,0,0.0,0.0,0.0,0.0,0.0,0.0
0.24,0.0,0.1,0.0,1.5708,0.0,0,0.0,0.0,0.0,0.0,0.0,0.0
0.24,0.0,0.14,0.0,0.0,0.0,0,0.0,0.0,0.0,0.0,0.0,0.0
0.24,0.0,0.14,0.0,0.7854,0.0,0,0.0,0.0,0.0,0.0,0.0,0.0
0.24,0.0,0.14,0.0,1.5708,0.0,0,0.0,0.0,0.0,0.0,0.0,0.0
0.24,0.0,0.18,0.0,0.0,0.0,0,0.0,0.0,0.0,0.0,0.0,0.0
0.24,0.0,0.18,0.0,0.7854,0.0,0,0.0,0.0,0.0,0.0,0.0,0.0
0.24,0.0,0.18,0.0,1.5708,0.0,0,0.0,0.0,0.0,0.0,0.0,0.0
0.24,0.05,0.02,0.0,0.0,0.0,0,0.0,0.0,0.0,0.0,0.0,0.0
0.24,0.05,0.02,0.0,0.7854,0.0,0,0.0,0.0,0.0,0.0,0.0,0.0
0.24,0.05,0.02,0.0,1.5708,0.0,0,0.0,0.0,0.0,0.0,0.0,0.0
0.24,0.05,0.06,0.0,0.0,0.0,0,0.0,0.0,0.0,0.0,0.0,0.0
0.24,0.05,0.06,0.0,0.7854,0.0,0,0.0,0.0,0.0,0.0,0.0,0.0
0.24,0.05,0.06,0.0,1.5708,0.0,0,0.0,0.0,0.0,0.0,0.0,0.0
0.24,0.05,0.1,0.0,0.0,0.0,1,-0.0035590984086327064,-1.7961915705270979,0.15791241782451643,-0.3513370112272198,1.5618052231952089,2.722763340587616
0.24,0.05,0.1,0.0,0.7854,0.0,0,0.0,0.0,0.0,0.0,0.0,0.0
0.24,0.05,0.1,0.0,1.5708,0.0,0,0.0,0.0,0.0,0.0,0.0,0.0
0.24,0.05,0.14,0.0,0.0,0.0,1,-0.0034896959364400845,-1.3608773584764347,-0.37515090903259857,-0.22923575839191118,1.5619003516569885,2.7470979480752824
0.24,0.05,0.14,0.0,0.7854,0.0,0,0.0,0.0,0.0,0.0,0.0,0.0
0.24,0.05,0.14,0.0,1.5708,0.0,0,0.0,0.0,0.0,0.0,0.0,0.0
0.24,0.05,0.18,0.0,0.0,0.0,0,0.0,0.0,0.0,0.0,0.0,0.0
0.24,0.05,0.18,0.0,0.7854,0.0,0,0.0,0.0,0.0,0.0,0.0,0.0
0.24,0.05,0.18,0.0,1.5708,0.0,0,0.0,0.0,0.0,0.0,0.0,0.0
0.24,0.1,0.02,0.0,0.0,0.0,0,0.0,0.0,0.0,0.0,0.0,0.0
0.24,0.1,0.02,0.0,0.7854,0.0,0,0.0,0.0,0.0,0.0,0.0,0.0
0.24,0.1,0.02,0.0,1.5708,0.0,0,0.0,0.0,0.0,0.0,0.0,0.0
0.24,0.1,0.06,0.0,0.0,0.0,0,0.0,0.0,0.0,0.0,0.0,0.0
0.24,0.1,0.06,0.0,0.7854,0.0,0,0.0,0.0,0.0,0.0,0.0,0.0
0.24,0.1,0.06,0.0,1.5708,0.0,0,0.0,0.0,0.0,0.0,0.0,0.0
0.24,0.1,0.1,0.0,0.0,0.0,0,0.0,0.0,0.0,0.0,0.0,0.0
0.24,0.1,0.1,0.0,0.7854,0.0,0,0.0,0.0,0.0,0.0,0.0,0.0
0.24,0.1,0.1,0.0,1.5708,0.0,0,0.0,0.0,0.0,0.0,0.0,0.0
0.24,0.1,0.14,0.0,0.0,0.0,0,0.0,0.0,0.0,0.0,0.0,0.0
0.24,0.1,0.14,0.0,0.7854,0.0,0,0.0,0.0,0.0,0.0,0.0,0.0
0.24,0.1,0.14,0.0,1.5708,0.0,0,0.0,0.0,0.0,0.0,0.0,0.0
0.24,0.1,0.18,0.0,0.0,0.0,0,0.0,0.0,0.0,0.0,0.0,0.0
0.24,0.1,0.18,0.0,0.7854,0.0,0,0.0,0.0,0.0,0.0,0.0,0.0
0.24,0.1,0.18,0.0,1.5708,0.0,0,0.0,0.0,0.0,0.0,0.0,0.0
0.26,-0.1,0.02,0.0,0.0,0.0,0,0.0,0.0,0.0,0.0,0.0,0.0
0.26,-0.1,0.02,0.0,0.7854,0.0,0,0.0,0.0,0.0,0.0,0.0,0.0
0.26,-0.1,0.02,0.0,1.5708,0.0,0,0.0,0.0,0.0,0.0,0.0,0.0
0.26,-0.1,0.06,0.0,0.0,0.0,0,0.0,0.0,0.0,0.0,0.0,0.0
0.26,-0.1,0.06,0.0,0.7854,0.0,0,0.0,0.0,0.0,0.0,0.0,0.0
0.26,-0.1,0.06,0.0,1.5708,0.0,0,0.0,0.0,0.0,0.0,0.0,0.0
0.26,-0.1,0.1,0.0,0.0,0.0,0,0.0,0.0,0.0,0.0,0.0,0.0
0.26,-0.1,0.1,0.0,0.7854,0.0,0,0.0,0.0,0.0,0.0,0.0,0.0
0.26,-0.1,0.1,0.0,1.5708,0.0,0,0.0,0.0,0.0,0.0,0.0,0.0
0.26,-0.1,0.14,0.0,0.0,0.0,0,0.0,0.0,0.0,0.0,0.0,0.0
0.26,-0.1,0.14,0.0,0.7854,0.0,0,0.0,0.0,0.0,0.0,0.0,0.0
0.26,-0.1,0.14,0.0,1.5708,0.0,0,0.0,0.0,0.0,0.0,0.0,0.0
0.26,-0.1,0.18,0.0,0.0,0.0,0,0.0,0.0,0.0,0.0,0.0,0.0
0.26,-0.1,0.18,0.0,0.7854,0.0,0,0.0,0.0,0.0,0.0,0.0,0.0
0.26,-0.1,0.18,0.0,1.5708,0.0,0,0.0,0.0,0.0,0.0,0.0,0.0
0.26,-0.05,0.02,0.0,0.0,0.0,0,0.0,0.0,0.0,0.0,0.0,0.0
0.26,-0.05,0.02,0.0,0.7854,0.0,0,0.0,0.0,0.0,0.0,0.0,0.0
0.26,-0.05,0.02,0.0,1.5708,0.0,0,0.0,0.0,0.0,0.0,0.0,0.0
0.26,-0.05,0.06,0.0,0.0,0.0,0,0.0,0.0,0.0,0.0,0.0,0.0
0.26,-0.05,0.06,0.0,0.7854,0.0,0,0.0,0.0,0.0,0.0,0.0,0.0
0.26,-0.05,0.06,0.0,1.5708,0.0,0,0.0,0.0,0.0,0.0,0.0,0.0
0.26,-0.05,0.1,0.0,0.0,0.0,0,0.0,0.0,0.0,0.0,0.0,0.0
0.26,-0.05,0.1,0.0,0.7854,0.0,0,0.0,0.0,0.0,0.0,0.0,0.0
0.26,-0.05,0.1,0.0,1.5708,0.0,0,0.0,0.0,0.0,0.0,0.0,0.0
0.26,-0.05,0.14,0.0,0.0,0.0,0,0.0,0.0,0.0,0.0,0.0,0.0
0.26,-0.05,0.14,0.0,0.7854,0.0,0,0.0,0.0,0.0,0.0,0.0,0.0
0.26,-0.05,0.14,0.0,1.5708,0.0,0,0.0,0.0,0.0,0.0,0.0,0.0
0.26,-0.05,0.18,0.0,0.0,0.0,0,0.0,0.0,0.0,0.0,0.0,0.0
0.26,-0.05,0.18,0.0,0.7854,0.0,0,0.0,0.0,0.0,0.0,0.0,0.0
0.26,-0.05,0.18,0.0,1.5708,0.0,0,0.0,0.0,0.0,0.0,0.0,0.0
0.26,0.0,0.02,0.0,0.0,0.0,0,0.0,0.0,0.0,0.0,0.0,0.0
0.26,0.0,0.02,0.0,0.7854,0.0,0,0.0,0.0,0.0,0.0,0.0,0.0
0.26,0.0,0.02,0.0,1.5708,0.0,0,0.0,0.0,0.0,0.0,0.0,0.0
0.26,0.0,0.06,0.0,0.0,0.0,0,0.0,0.0,0.0,0.0,0.0,0.0
0.26,0.0,0.06,0.0,0.7854,0.0,0,0.0,0.0,0.0,0.0,0.0,0.0
0.26,0.0,0.06,0.0,1.5708,0.0,0,0.0,0.0,0.0,0.0,0.0,0.0
0.26,0.0,0.1,0.0,0.0,0.0,0,0.0,0.0,0.0,0.0,0.0,0.0
0.26,0.0,0.1,0.0,0.7854,0.0,0,0.0,0.0,0.0,0.0,0.0,0.0
0.26,0.0,0.1,0.0,1.5708,0.0,0,0.0,0.0,0.0,0.0,0.0,0.0
0.26,0.0,0.14,0.0,0.0,0.0,0,0.0,0.0,0.0,0.0,0.0,0.0
0.26,0.0,0.14,0.0,0.7854,0.0,0,0.0,0.0,0.0,0.0,0.0,0.0
0.26,0.0,0.14,0.0,1.5708,0.0,0,0.0,0.0,0.0,0.0,0.0,0.0
0.26,0.0,0.18,0.0,0.0,0.0,0,0.0,0.0,0.0,0.0,0.0,0.0
0.26,0.0,0.18,0.0,0.7854,0.0,0,0.0,0.0,0.0,0.0,0.0,0.0
0.26,0.0,0.18,0.0,1.5708,0.0,0,0.0,0.0,0.0,0.0,0.0,0.0
0.26,0.05,0.02,0.0,0.0,0.0,0,0.0,0.0,0.0,0.0,0.0,0.0
0.26,0.05,0.02,0.0,0.7854,0.0,0,0.0,0.0,0.0,0.0,0.0,0.0
0.26,0.05,0.02,0.0,1.5708,0.0,0,0.0,0.0,0.0,0.0,0.0,0.0
0.26,0.05,0.06,0.0,0.0,0.0,0,0.0,0.0,0.0,0.0,0.0,0.0
0.26,0.05,0.06,0.0,0.7854,0.0,0,0.0,0.0,0.0,0.0,0.0,0.0
0.26,0.05,0.06,0.0,1.5708,0.0,0,0.0,0.0,0.0,0.0,0.0,0.0
0.26,0.05,0.1,0.0,0.0,0.0,0,0.0,0.0,0.0,0.0,0.0,0.0
0.26,0.05,0.1,0.0,0.7854,0.0,0,0.0,0.0,0.0,0.0,0.0,0.0
0.26,0.05,0.1,0.0,1.5708,0.0,0,0.0,0.0,0.0,0.0,0.0,0.0
0.26,0.05,0.14,0.0,0.0,0.0,0,0.0,0.0,0.0,0.0,0.0,0.0
0.26,0.05,0.14,0.0,0.7854,0.0,0,0.0,0.0,0.0,0.0,0.0,0.0
0.26,0.05,0.14,0.0,1.5708,0.0,0,0.0,0.0,0.0,0.0,0.0,0.0
0.26,0.05,0.18,0.0,0.0,0.0,0,0.0,0.0,0.0,0.0,0.0,0.0
0.26,0.05,0.18,0.0,0.7854,0.0,0,0.0,0.0,0.0,0.0,0.0,0.0
0.26,0.05,0.18,0.0,1.5708,0.0,0,0.0,0.0,0.0,0.0,0.0,0.0
0.26,0.1,0.02,0.0,0.0,0.0,0,0.0,0.0,0.0,0.0,0.0,0.0
0.26,0.1,0.02,0.0,0.7854,0.0,0,0.0,0.0,0.0,0.0,0.0,0.0
0.26,0.1,0.02,0.0,1.5708,0.0,0,0.0,0.0,0.0,0.0,0.0,0.0
0.26,0.1,0.06,0.0,0.0,0.0,0,0.0,0.0,0.0,0.0,0.0,0.0
0.26,0.1,0.06,0.0,0.7854,0.0,0,0.0,0.0,0.0,0.0,0.0,0.0
0.26,0.1,0.06,0.0,1.5708,0.0,0,0.0,0.0,0.0,0.0,0.0,0.0
0.26,0.1,0.1,0.0,0.0,0.0,0,0.0,0.0,0.0,0.0,0.0,0.0
0.26,0.1,0.1,0.0,0.7854,0.0,0,0.0,0.0,0.0,0.0,0.0,0.0
0.26,0.1,0.1,0.0,1.5708,0.0,0,0.0,0.0,0.0,0.0,0.0,0.0
0.26,0.1,0.14,0.0,0.0,0.0,0,0.0,0.0,0.0,0.0,0.0,0.0
0.26,0.1,0.14,0.0,0.7854,0.0,0,0.0,0.0,0.0,0.0,0.0,0.0
0.26,0.1,0.14,0.0,1.5708,0.0,0,0.0,0.0,0.0,0.0,0.0,0.0
0.26,0.1,0.18,0.0,0.0,0.0,0,0.0,0.0,0.0,0.0,0.0,0.0
0.26,0.1,0.18,0.0,0.7854,0.0,0,0.0,0.0,0.0,0.0,0.0,0.0
0.26,0.1,0.18,0.0,1.5708,0.0,0,0.0,0.0,0.0,0.0,0.0,0.0
0.28,-0.1,0.02,0.0,0.0,0.0,0,0.0,0.0,0.0,0.0,0.0,0.0
0.28,-0.1,0.02,0.0,0.7854,0.0,0,0.0,0.0,0.0,0.0,0.0,0.0
0.28,-0.1,0.02,0.0,1.5708,0.0,0,0.0,0.0,0.0,0.0,0.0,0.0
0.28,-0.1,0.06,0.0,0.0,0.0,0,0.0,0.0,0.0,0.0,0.0,0.0
0.28,-0.1,0.06,0.0,0.7854,0.0,0,0.0,0.0,0.0,0.0,0.0,0.0
0.28,-0.1,0.06,0.0,1.5708,0.0,0,0.0,0.0,0.0,0.0,0.0,0.0
0.28,-0.1,0.1,0.0,0.0,0.0,0,0.0,0.0,0.0,0.0,0.0,0.0
0.28,-0.1,0.1,0.0,0.7854,0.0,0,0.0,0.0,0.0,0.0,0.0,0.0
0.28,-0.1,0.1,0.0,1.5708,0.0,0,0.0,0.0,0.0,0.0,0.0,0.0
0.28,-0.1,0.14,0.0,0.0,0.0,0,0.0,0.0,0.0,0.0,0.0,0.0
0.28,-0.1,0.14,0.0,0.7854,0.0,0,0.0,0.0,0.0,0.0,0.0,0.0
0.28,-0.1,0.14,0.0,1.5708,0.0,0,0.0,0.0,0.0,0.0,0.0,0.0
0.28,-0.1,0.18,0.0,0.0,0.0,0,0.0,0.0,0.0,0.0,0.0,0.0
0.28,-0.1,0.18,0.0,0.7854,0.0,0,0.0,0.0,0.0,0.0,0.0,0.0
0.28,-0.1,0.18,0.0,1.5708,0.0,0,0.0,0.0,0.0,0.0,0.0,0.0
0.28,-0.05,0.02,0.0,0.0,0.0,0,0.0,0.0,0.0,0.0,0.0,0.0
0.28,-0.05,0.02,0.0,0.7854,0.0,0,0.0,0.0,0.0,0.0,0.0,0.0
0.28,-0.05,0.02,0.0,1.5708,0.0,0,0.0,0.0,0.0,0.0,0.0,0.0
0.28,-0.05,0.06,0.0,0.0,0.0,0,0.0,0.0,0.0,0.0,0.0,0.0
0.28,-0.05,0.06,0.0,0.7854,0.0,0,0.0,0.0,0.0,0.0,0.0,0.0
0.28,-0.05,0.06,0.0,1.5708,0.0,0,0.0,0.0,0.0,0.0,0.0,0.0
0.28,-0.05,0.1,0.0,0.0,0.0,0,0.0,0.0,0.0,0.0,0.0,0.0
0.28,-0.05,0.1,0.0,0.7854,0.0,0,0.0,0.0,0.0,0.0,0.0,0.0
0.28,-0.05,0.1,0.0,1.5708,0.0,0,0.0,0.0,0.0,0.0,0.0,0.0
0.28,-0.05,0.14,0.0,0.0,0.0,0,0.0,0.0,0.0,0.0,0.0,0.0
0.28,-0.05,0.14,0.0,0.7854,0.0,0,0.0,0.0,0.0,0.0,0.0,0.0
0.28,-0.05,0.14,0.0,1.5708,0.0,0,0.0,0.0,0.0,0.0,0.0,0.0
0.28,-0.05,0.18,0.0,0.0,0.0,0,0.0,0.0,0.0,0.0,0.0,0.0
0.28,-0.05,0.18,0.0,0.7854,0.0,0,0.0,0.0,0.0,0.0,0.0,0.0
0.28,-0.05,0.18,0.0,1.5708,0.0,0,0.0,0.0,0.0,0.0,0.0,0.0
0.28,0.0,0.02,0.0,0.0,0.0,0,0.0,0.0,0.0,0.0,0.0,0.0
0.28,0.0,0.02,0.0,0.7854,0.0,0,0.0,0.0,0.0,0.0,0.0,0.0
0.28,0.0,0.02,0.0,1.5708,0.0,0,0.0,0.0,0.0,0.0,0.0,0.0
0.28,0.0,0.06,0.0,0.0,0.0,0,0.0,0.0,0.0,0.0,0.0,0.0
0.28,0.0,0.06,0.0,0.7854,0.0,0,0.0,0.0,0.0,0.0,0.0,0.0
0.28,0.0,0.06,0.0,1.5708,0.0,0,0.0,0.0,0.0,0.0,0.0,0.0
0.28,0.0,0.1,0.0,0.0,0.0,0,0.0,0.0,0.0,0.0,0.0,0.0
0.28,0.0,0.1,0.0,0.7854,0.0,0,0.0,0.0,0.0,0.0,0.0,0.0
0.28,0.0,0.1,0.0,1.5708,0.0,0,0.0,0.0,0.0,0.0,0.0,0.0
0.28,0.0,0.14,0.0,0.0,0.0,0,0.0,0.0,0.0,0.0,0.0,0.0
0.28,0.0,0.14,0.0,0.7854,0.0,0,0.0,0.0,0.0,0.0,0.0,0.0
0.28,0.0,0.14,0.0,1.5708,0.0,0,0.0,0.0,0.0,0.0,0.0,0.0
0.28,0.0,0.18,0.0,0.0,0.0,0,0.0,0.0,0.0,0.0,0.0,0.0
0.28,0.0,0.18,0.0,0.7854,0.0,0,0.0,0.0,0.0,0.0,0.0,0.0
0.28,0.0,0.18,0.0,1.5708,0.0,0,0.0,0.0,0.0,0.0,0.0,0.0
0.28,0.05,0.02,0.0,0.0,0.0,0,0.0,0.0,0.0,0.0,0.0,0.0
0.28,0.05,0.02,0.0,0.7854,0.0,0,0.0,0.0,0.0,0.0,0.0,0.0
0.28,0.05,0.02,0.0,1.5708,0.0,0,0.0,0.0,0.0,0.0,0.0,0.0
0.28,0.05,0.06,0.0,0.0,0.0,0,0.0,0.0,0.0,0.0,0.0,0.0
0.28,0.05,0.06,0.0,0.7854,0.0,0,0.0,0.0,0.0,0.0,0.0,0.0
0.28,0.05,0.06,0.0,1.5708,0.0,0,0.0,0.0,0.0,0.0,0.0,0.0
0.28,0.05,0.1,0.0,0.0,0.0,0,0.0,0.0,0.0,0.0,0.0,0.0
0.28,0.05,0.1,0.0,0.7854,0.0,0,0.0,0.0,0.0,0.0,0.0,0.0
0.28,0.05,0.1,0.0,1.5708,0.0,0,0.0,0.0,0.0,0.0,0.0,0.0
0.28,0.05,0.14,0.0,0.0,0.0,0,0.0,0.0,0.0,0.0,0.0,0.0
0.28,0.05,0.14,0.0,0.7854,0.0,0,0.0,0.0,0.0,0.0,0.0,0.0
0.28,0.05,0.14,0.0,1.5708,0.0,0,0.0,0.0,0.0,0.0,0.0,0.0
0.28,0.05,0.18,0.0,0.0,0.0,0,0.0,0.0,0.0,0.0,0.0,0.0
0.28,0.05,0.18,0.0,0.7854,0.0,0,0.0,0.0,0.0,0.0,0.0,0.0
0.28,0.05,0.18,0.0,1.5708,0.0,0,0.0,0.0,0.0,0.0,0.0,0.0
0.28,0.1,0.02,0.0,0.0,0.0,0,0.0,0.0,0.0,0.0,0.0,0.0
0.28,0.1,0.02,0.0,0.7854,0.0,0,0.0,0.0,0.0,0.0,0.0,0.0
0.28,0.1,0.02,0.0,1.5708,0.0,0,0.0,0.0,0.0,0.0,0.0,0.0
0.28,0.1,0.06,0.0,0.0,0.0,0,0.0,0.0,0.0,0.0,0.0,0.0
0.28,0.1,0.06,0.0,0.7854,0.0,0,0.0,0.0,0.0,0.0,0.0,0.0
0.28,0.1,0.06,0.0,1.5708,0.0,0,0.0,0.0,0.0,0.0,0.0,0.0
0.28,0.1,0.1,0.0,0.0,0.0,0,0.0,0.0,0.0,0.0,0.0,0.0
0.28,0.1,0.1,0.0,0.7854,0.0,0,0.0,0.0,0.0,0.0,0.0,0.0
0.28,0.1,0.1,0.0,1.5708,0.0,0,0.0,0.0,0.0,0.0,0.0,0.0
0.28,0.1,0.14,0.0,0.0,0.0,0,0.0,0.0,0.0,0.0,0.0,0.0
0.28,0.1,0.14,0.0,0.7854,0.0,0,0.0,0.0,0.0,0.0,0.0,0.0
0.28,0.1,0.14,0.0,1.5708,0.0,0,0.0,0.0,0.0,0.0,0.0,0.0
0.28,0.1,0.18,0.0,0.0,0.0,0,0.0,0.0,0.0,0.0,0.0,0.0
0.28,0.1,0.18,0.0,0.7854,0.0,0,0.0,0.0,0.0,0.0,0.0,0.0
0.28,0.1,0.18,0.0,1.5708,0.0,0,0.0,0.0,0.0,0.0,0.0,0.0
